vehicleId,balance,bid,reputation,panelCount,paticipateCount,state
50_1000009_1__25,0,2.72,1.0,2,6,-1
18_1000009_1__29,0,0.98,1.0,1,6,-1
82_1000009_1__39,0,2.03,1.0,2,6,-1
16_1000009_1__70,0,2.47,1.0,1,6,-1
105_1000009_1__31,0,0.89,1.0,1,6,-1
16_1000009_1__17,0,1.56,1.0,2,6,-1
16_1000009_1__8,0,2.88,1.0,0,6,-1
50_1000009_1__32,0,0.79,1.0,1,6,-1
50_1000009_1__65,0,2.3,1.0,1,6,-1
18_1000009_1__10,0,0.74,1.0,2,5,-1
105_1000009_2__8,0,1.81,1.0,1,5,-1
16_1000009_1__104,0,0.83,1.0,2,5,-1
14_1000009_1__25,0,1.11,1.0,0,0,-1
1000002_1000009_1__33,0,2.64,1.0,1,6,-1
1000021_129_1__0,0,2.7,1.0,2,6,-1
1000002_1000009_1__23,0,0.69,1.0,1,6,-1
50_1000009_1__53,0,1.15,1.0,1,6,-1
18_1000009_1__0,0,2.07,1.0,2,6,-1
18_1000009_1__59,0,1.46,1.0,2,6,-1
50_1000009_1__79,0,2.2,1.0,2,6,-1
81_1000009_1__14,0,2.15,1.0,1,6,-1
18_1000009_1__6,0,1.02,1.0,2,6,-1
81_1000009_1__13,0,2.89,1.0,0,6,-1
1000021_1000009_1__18,0,0.9,1.0,3,6,-1
18_1000009_1__43,0,2.29,1.0,0,6,-1
82_1000009_1__11,0,1.5,1.0,3,6,-1
81_1000009_1__4,0,2.23,1.0,2,6,-1
18_1000009_1__18,0,2.76,1.0,1,6,-1
81_1000009_1__17,0,1.04,1.0,3,6,-1
81_1000009_1__8,0,2.17,1.0,1,6,-1
50_1000009_1__81,0,1.73,1.0,0,6,-1
1000021_129_1__2,0,1.77,1.0,1,5,-1
1000020_1000011_1__99,0,2.11,1.0,3,7,-1
1000020_50_1__48,0,2.89,1.0,3,7,-1
1000020_16_1__37,0,2.52,1.0,1,7,-1
1000020_1000005_1__26,0,1.73,1.0,1,7,-1
1000020_1000016_1__39,0,2.18,1.0,1,7,-1
71_1000011_1__29,0,1.24,1.0,3,7,-1
1000014_107_1__29,0,0.9,1.0,2,7,-1
1000020_107_1__41,0,0.96,1.0,1,7,-1
1000020_105_1__20,0,2.7,1.0,0,7,-1
20_1000011_1__17,0,0.84,1.0,2,7,-1
1000020_1000004_1__3,0,0.77,1.0,2,7,-1
1000020_1000011_1__102,0,1.92,1.0,3,7,-1
1000020_50_1__55,0,0.94,1.0,1,7,-1
1000020_128_1__4,0,1.57,1.0,4,7,-1
1000020_1000011_1__179,0,1.43,1.0,2,7,-1
1000020_1000005_1__17,0,3.0,1.0,2,7,-1
1000020_1000011_1__68,0,1.73,1.0,1,7,-1
1000020_1000011_1__33,0,1.08,1.0,0,7,-1
1000020_50_1__38,0,1.31,1.0,3,7,-1
1000020_1000005_1__31,0,0.92,1.0,4,7,-1
20_1000016_1__11,0,1.17,1.0,2,7,-1
1000014_15_1__0,0,0.57,1.0,1,7,-1
20_1000005_1__4,0,1.65,1.0,1,7,-1
1000014_107_1__20,0,1.1,1.0,0,2,-1
1000020_18_1__3,0,2.12,1.0,0,2,-1
1000009_1000010_1__15,0,2.53,1.0,0,0,-1
1000005_91_1__4,0,2.78,1.0,0,0,-1
1000002_1000000_1__0,0,1.33,1.0,1,4,-1
1000020_1000000_1__14,0,2.26,1.0,1,1,-1
15_1000000_2__9,0,2.01,1.0,1,3,-1
71_1000000_1__46,0,1.9,1.0,0,3,-1
16_1000000_1__46,0,1.68,1.0,1,3,-1
14_1000000_1__6,0,2.81,1.0,0,3,-1
105_1000000_2__10,0,2.86,1.0,1,3,-1
22_1000000_1__1,0,0.98,1.0,1,3,-1
1000015_1000000_1__29,0,1.55,1.0,1,3,-1
1000002_1000000_1__66,0,2.25,1.0,0,1,-1
71_1000000_1__34,0,2.93,1.0,1,3,-1
18_1000000_2__40,0,1.5,1.0,0,1,-1
106_1000000_2__7,0,0.69,1.0,2,3,-1
1000014_1000000_1__2,0,2.32,1.0,0,4,-1
20_1000000_1__7,0,0.58,1.0,0,1,-1
1000015_1000000_1__17,0,1.77,1.0,0,4,-1
77_1000000_1__13,0,0.82,1.0,1,4,-1
1000020_1000000_1__39,0,2.14,1.0,2,4,-1
15_1000000_1__20,0,2.76,1.0,0,4,-1
105_1000000_1__9,0,0.58,1.0,2,4,-1
15_1000000_2__5,0,2.1,1.0,1,4,-1
18_1000000_2__30,0,2.93,1.0,0,4,-1
1000019_22_1__24,0,2.58,1.0,1,6,-1
1000019_19_1__75,0,1.33,1.0,1,6,-1
1000019_21_1__16,0,1.11,1.0,1,6,-1
1000019_22_1__51,0,1.04,1.0,2,6,-1
1000019_19_1__2,0,2.81,1.0,2,6,-1
1000019_22_1__74,0,1.22,1.0,2,6,-1
1000019_19_1__161,0,0.97,1.0,3,7,-1
1000019_22_1__50,0,2.17,1.0,2,6,-1
1000019_22_2__27,0,1.02,1.0,0,7,-1
1000019_23_2__4,0,3.0,1.0,2,7,-1
1000019_21_1__28,0,1.38,1.0,0,8,-1
1000019_22_2__40,0,2.15,1.0,3,8,-1
1000019_19_1__130,0,2.52,1.0,3,8,-1
1000019_19_1__123,0,2.28,1.0,4,8,-1
1000019_19_1__11,0,2.52,1.0,2,8,-1
1000019_23_1__6,0,2.63,1.0,4,8,-1
1000019_19_1__124,0,2.62,1.0,2,4,-1
1000019_19_1__84,0,0.85,1.0,2,8,-1
1000019_23_3__37,0,1.03,1.0,0,2,-1
1000019_22_1__3,0,0.51,1.0,1,7,-1
1000019_23_1__29,0,1.44,1.0,3,7,-1
1000019_23_3__2,0,1.09,1.0,2,7,-1
1000019_19_1__7,0,1.68,1.0,2,7,-1
1000019_22_2__73,0,1.69,1.0,2,4,-1
1000019_23_3__58,0,1.4,1.0,3,4,-1
1000019_19_1__44,0,2.38,1.0,0,4,-1
1000019_19_1__40,0,1.42,1.0,0,4,-1
1000019_23_1__30,0,2.94,1.0,1,4,-1
1000019_22_1__36,0,1.91,1.0,3,5,-1
1000019_23_3__15,0,1.25,1.0,1,4,-1
1000019_22_1__76,0,2.35,1.0,0,3,-1
1000019_19_1__12,0,2.23,1.0,0,4,-1
1000019_23_2__0,0,1.17,1.0,1,3,-1
1000019_19_1__5,0,1.2,1.0,1,2,-1
1000019_22_2__6,0,2.23,1.0,0,3,-1
1000019_19_1__140,0,1.64,1.0,1,2,-1
1000019_22_2__24,0,1.47,1.0,1,2,-1
1000019_22_1__49,0,2.02,1.0,0,2,-1
1000019_22_2__42,0,2.03,1.0,1,1,-1
1000019_19_1__88,0,1.24,1.0,1,2,-1
1000019_22_1__17,0,2.06,1.0,0,1,-1
1000019_22_2__7,0,1.6,1.0,1,1,-1
1000019_14_1__31,0,1.19,1.0,0,1,-1
1000019_105_1__2,0,1.26,1.0,1,8,-1
1000019_1000007_1__43,0,2.82,1.0,2,8,-1
1000019_1000004_1__3,0,1.04,1.0,0,8,-1
1000019_17_1__13,0,1.97,1.0,0,8,-1
1000019_15_1__155,0,0.94,1.0,0,8,-1
1000019_17_1__52,0,1.04,1.0,1,8,-1
1000019_15_1__50,0,0.52,1.0,1,8,-1
1000019_15_1__107,0,0.98,1.0,2,5,-1
1000019_81_1__17,0,1.27,1.0,1,4,-1
1000019_17_1__5,0,2.71,1.0,3,8,-1
1000019_1000009_1__45,0,1.18,1.0,3,8,-1
1000019_81_1__35,0,2.07,1.0,3,8,-1
1000019_106_1__28,0,1.6,1.0,2,7,-1
71_1000000_1__40,0,0.84,1.0,0,2,-1
23_1000000_1__50,0,2.83,1.0,0,2,-1
18_1000000_2__26,0,2.65,1.0,0,2,-1
15_1000000_1__22,0,0.68,1.0,1,2,-1
17_1000000_1__4,0,2.2,1.0,1,2,-1
15_1000000_2__4,0,1.97,1.0,0,2,-1
23_1000000_1__0,0,2.18,1.0,0,2,-1
71_1000000_1__5,0,1.57,1.0,0,1,-1
70_1000000_1__23,0,2.39,1.0,0,1,-1
1000003_1000000_1__1,0,2.68,1.0,1,1,-1
17_1000000_2__4,0,2.24,1.0,1,1,-1
18_1000000_2__5,0,2.36,1.0,0,1,-1
107_1000000_2__9,0,2.52,1.0,0,1,-1
15_1000000_1__4,0,2.6,1.0,0,1,-1
106_1000000_2__2,0,1.44,1.0,0,1,-1
17_1000000_2__21,0,1.55,1.0,0,0,-1
107_1000000_1__29,0,1.68,1.0,0,0,-1
82_1000000_1__16,0,2.25,1.0,0,0,-1
1000020_1000000_1__41,0,1.96,1.0,0,0,-1
1000002_1000000_1__9,0,2.38,1.0,0,0,-1
105_1000000_2__9,0,0.83,1.0,0,0,-1
70_1000000_1__24,0,0.59,1.0,0,0,-1
23_1000000_1__68,0,1.91,1.0,0,0,-1
107_1000000_1__41,0,1.67,1.0,0,0,-1
17_1000000_3__2,0,2.04,1.0,0,0,-1
19_1000000_1__4,0,2.21,1.0,0,0,-1
15_1000000_1__6,0,1.91,1.0,0,0,-1
1000003_1000000_1__3,0,2.18,1.0,0,0,-1
1000002_1000000_1__28,0,2.64,1.0,0,0,-1
16_1000000_1__28,0,2.88,1.0,0,0,-1
23_1000000_1__51,0,0.68,1.0,0,0,-1
1000015_1000000_1__18,0,1.0,1.0,0,0,-1
1000021_106_2__1,0,2.82,1.0,0,0,-1
82_1000007_1__32,0,1.05,1.0,0,0,-1
105_1000014_2__4,0,2.97,1.0,0,0,-1
81_17_1__1,0,0.52,1.0,0,0,-1
77_1000014_1__1,0,1.47,1.0,0,0,-1
1000021_1000004_1__3,0,2.29,1.0,0,0,-1
1000005_1000014_1__15,0,0.83,1.0,0,0,-1
1000005_1000013_1__76,0,1.12,1.0,0,0,-1
1000021_1000004_1__16,0,1.27,1.0,0,0,-1
82_1000000_1__24,0,1.65,1.0,2,3,-1
1000021_1000013_1__39,0,1.55,1.0,0,0,-1
16_1000013_1__101,0,2.65,1.0,0,0,-1
81_1000000_1__12,0,1.54,1.0,0,0,-1
81_1000014_1__20,0,2.54,1.0,0,0,-1
1000005_1000013_1__7,0,2.98,1.0,0,0,-1
1000021_19_1__0,0,2.75,1.0,0,0,-1
81_1000013_1__24,0,2.31,1.0,0,0,-1
82_1000013_1__54,0,1.4,1.0,0,0,-1
81_1000013_1__32,0,2.73,1.0,0,0,-1
1000021_1000003_1__9,0,0.8,1.0,0,0,-1
81_1000000_1__7,0,0.59,1.0,0,0,-1
77_1000014_1__15,0,2.76,1.0,0,0,-1
1000021_1000013_1__15,0,1.79,1.0,0,4,-1
1000021_1000013_1__11,0,2.25,1.0,0,0,-1
1000021_1000014_1__12,0,2.38,1.0,0,0,-1
1000021_1000013_1__56,0,0.6,1.0,0,0,-1
1000005_1000013_1__28,0,2.49,1.0,0,0,-1
1000021_1000013_2__5,0,0.91,1.0,0,0,-1
50_1000012_1__8,0,2.78,1.0,0,0,-1
1000021_17_1__19,0,2.82,1.0,0,0,-1
1000021_1000014_1__5,0,1.34,1.0,0,0,-1
82_1000014_1__3,0,2.85,1.0,1,5,-1
1000021_1000014_1__15,0,2.39,1.0,0,0,-1
1000021_17_1__47,0,0.78,1.0,0,0,-1
1000021_1000013_1__95,0,2.52,1.0,2,4,-1
77_107_2__3,0,2.27,1.0,2,4,-1
77_1000009_1__3,0,1.08,1.0,0,5,-1
1000021_70_1__23,0,2.78,1.0,0,4,-1
16_1000013_1__93,0,0.96,1.0,0,0,-1
1000002_1000010_1__8,0,1.13,1.0,0,0,-1
82_1000008_2__0,0,2.54,1.0,0,0,-1
1000021_70_1__3,0,2.77,1.0,0,5,-1
16_1000013_1__5,0,0.8,1.0,2,5,-1
77_1000013_1__39,0,0.6,1.0,0,5,-1
77_1000014_1__5,0,1.93,1.0,0,5,-1
77_1000013_1__57,0,1.11,1.0,2,5,-1
77_1000008_1__11,0,2.69,1.0,2,5,-1
16_1000013_1__156,0,0.64,1.0,0,5,-1
81_1000014_1__1,0,0.94,1.0,1,5,-1
77_1000014_1__21,0,0.83,1.0,2,5,-1
16_1000014_1__45,0,2.94,1.0,2,5,-1
1000021_1000014_1__31,0,2.5,1.0,0,5,-1
77_1000000_1__7,0,1.75,1.0,0,5,-1
16_1000013_1__92,0,1.37,1.0,1,5,-1
77_1000000_1__8,0,1.97,1.0,1,5,-1
77_20_2__0,0,2.69,1.0,0,5,-1
77_1000013_2__0,0,2.06,1.0,3,5,-1
1000002_1000000_1__7,0,2.72,1.0,3,5,-1
81_17_2__1,0,2.07,1.0,2,5,-1
1000005_1000014_1__26,0,0.95,1.0,2,5,-1
1000005_1000013_1__138,0,1.61,1.0,0,5,-1
1000021_1000013_1__31,0,0.73,1.0,0,4,-1
105_1000013_1__67,0,1.06,1.0,1,4,-1
82_70_1__2,0,1.46,1.0,0,0,-1
77_17_2__0,0,1.42,1.0,0,0,-1
15_1000011_1__20,0,0.72,1.0,0,0,-1
106_1000009_1__23,0,0.63,1.0,0,0,-1
81_1000009_1__1,0,2.9,1.0,0,0,-1
23_50_1__6,0,1.83,1.0,0,0,-1
106_1000009_1__24,0,1.63,1.0,0,0,-1
18_19_1__10,0,0.88,1.0,0,0,-1
106_1000009_1__12,0,1.48,1.0,0,0,-1
1000019_23_1__2,0,2.37,1.0,0,0,-1
1000000_50_1__22,0,0.63,1.0,3,6,-1
1000000_1000004_1__34,0,2.16,1.0,0,1,-1
1000000_18_1__5,0,0.84,1.0,2,5,-1
1000000_17_1__68,0,0.75,1.0,1,5,-1
1000000_105_2__3,0,1.57,1.0,2,5,-1
1000000_14_1__70,0,2.35,1.0,1,5,-1
1000000_22_2__25,0,2.17,1.0,1,5,-1
1000000_50_1__13,0,1.53,1.0,0,5,-1
1000000_17_1__42,0,2.4,1.0,1,5,-1
1000000_23_2__60,0,1.91,1.0,0,5,-1
1000000_23_1__54,0,2.19,1.0,0,1,-1
1000000_120_1__29,0,2.28,1.0,1,5,-1
1000000_1000005_1__9,0,0.67,1.0,1,5,-1
1000000_18_1__32,0,1.33,1.0,2,5,-1
1000000_1000005_1__38,0,2.49,1.0,1,5,-1
1000000_14_1__67,0,2.1,1.0,1,5,-1
1000000_105_1__4,0,2.25,1.0,1,4,-1
1000000_23_3__25,0,2.15,1.0,1,4,-1
1000000_1000005_1__11,0,1.88,1.0,0,4,-1
1000000_77_1__4,0,2.1,1.0,0,1,-1
1000000_17_1__84,0,2.64,1.0,0,1,-1
1000000_23_1__0,0,2.06,1.0,1,4,-1
1000000_23_2__19,0,2.65,1.0,1,4,-1
1000000_21_1__4,0,0.94,1.0,1,4,-1
1000000_18_1__15,0,2.15,1.0,0,3,-1
1000000_1000016_1__8,0,2.28,1.0,0,0,-1
1000000_22_1__29,0,2.05,1.0,1,3,-1
1000000_81_1__15,0,1.21,1.0,2,3,-1
1000000_23_3__22,0,1.81,1.0,1,3,-1
1000000_22_2__29,0,0.71,1.0,0,3,-1
1000000_50_1__23,0,1.25,1.0,0,3,-1
1000000_20_1__33,0,1.18,1.0,0,2,-1
1000000_120_1__25,0,0.79,1.0,0,2,-1
1000000_18_1__17,0,2.96,1.0,0,1,-1
1000000_81_1__34,0,0.98,1.0,1,1,-1
1000000_105_2__17,0,2.15,1.0,0,1,-1
1000000_1000016_2__0,0,0.87,1.0,1,1,-1
1000000_1000005_1__10,0,2.62,1.0,0,0,-1
1000000_18_1__29,0,0.82,1.0,0,0,-1
1000000_19_1__38,0,2.54,1.0,0,0,-1
1000000_120_1__36,0,0.79,1.0,0,0,-1
1000000_23_1__48,0,2.28,1.0,0,0,-1
1000000_23_1__27,0,1.02,1.0,0,0,-1
1000000_50_1__0,0,1.44,1.0,0,0,-1
1000000_50_1__8,0,1.96,1.0,0,0,-1
1000000_20_1__8,0,2.55,1.0,0,0,-1
1000000_23_1__36,0,1.28,1.0,0,0,-1
1000000_23_1__33,0,2.18,1.0,0,0,-1
1000000_1000005_1__37,0,2.64,1.0,0,0,-1
1000000_129_1__28,0,1.81,1.0,0,0,-1
1000000_22_1__2,0,0.88,1.0,0,1,-1
1000000_1000004_1__33,0,1.05,1.0,0,1,-1
1000000_17_1__91,0,1.86,1.0,0,1,-1
1000000_17_1__99,0,0.82,1.0,0,0,-1
1000000_22_1__19,0,1.56,1.0,0,0,-1
1000000_1000004_1__25,0,0.87,1.0,0,0,-1
1000000_23_2__20,0,0.78,1.0,0,0,-1
1000000_129_1__5,0,2.3,1.0,0,0,-1
1000000_20_1__20,0,0.55,1.0,0,0,-1
1000000_105_1__12,0,2.77,1.0,0,0,-1
1000000_19_1__40,0,2.81,1.0,0,0,-1
1000000_1000004_1__8,0,1.39,1.0,0,0,-1
1000000_91_1__63,0,0.89,1.0,0,0,-1
1000009_120_1__1,0,0.56,1.0,0,0,-1
1000009_19_2__68,0,1.73,1.0,0,8,-1
1000009_14_1__22,0,2.7,1.0,0,0,-1
1000009_1000015_1__7,0,2.93,1.0,3,8,-1
1000009_21_1__18,0,2.49,1.0,0,0,-1
1000009_23_1__30,0,2.08,1.0,1,8,-1
1000009_91_2__18,0,1.76,1.0,4,8,-1
1000009_23_2__6,0,2.34,1.0,1,8,-1
1000009_23_1__42,0,1.93,1.0,2,8,-1
1000009_19_2__99,0,2.36,1.0,2,8,-1
1000009_106_1__42,0,2.51,1.0,3,8,-1
1000009_23_1__50,0,2.85,1.0,1,8,-1
1000009_91_2__23,0,2.73,1.0,2,8,-1
1000009_1000012_1__6,0,0.81,1.0,1,8,-1
1000009_1000010_1__20,0,1.77,1.0,2,8,-1
1000009_23_1__54,0,1.75,1.0,0,8,-1
1000009_23_1__60,0,1.94,1.0,1,8,-1
1000009_23_1__13,0,1.43,1.0,3,6,-1
1000009_106_1__14,0,0.9,1.0,1,6,-1
1000009_19_2__50,0,2.5,1.0,0,5,-1
1000009_23_2__47,0,2.77,1.0,1,5,-1
1000009_91_2__33,0,2.32,1.0,2,5,-1
1000009_91_1__8,0,1.62,1.0,1,4,-1
1000009_15_2__0,0,2.04,1.0,2,4,-1
1000009_23_2__42,0,0.99,1.0,0,4,-1
1000009_20_1__2,0,1.43,1.0,2,4,-1
1000009_19_2__2,0,1.23,1.0,1,4,-1
1000009_19_2__12,0,1.07,1.0,0,0,-1
1000009_92_1__0,0,1.6,1.0,0,0,-1
1000002_91_1__3,0,0.78,1.0,0,9,-1
1000002_22_2__7,0,2.38,1.0,1,9,-1
105_1000000_1__4,0,0.68,1.0,2,9,-1
82_1000014_1__0,0,2.14,1.0,0,9,-1
1000021_107_2__9,0,1.02,1.0,2,9,-1
1000007_21_1__19,0,2.4,1.0,1,9,-1
1000002_21_1__3,0,0.94,1.0,3,9,-1
1000002_19_1__8,0,1.41,1.0,1,9,-1
82_1000009_1__45,0,1.61,1.0,3,9,-1
18_106_1__2,0,2.89,1.0,3,9,-1
1000021_105_1__17,0,2.86,1.0,3,9,-1
18_91_1__1,0,1.5,1.0,2,9,-1
105_1000009_2__14,0,1.07,1.0,2,9,-1
50_23_2__1,0,1.75,1.0,2,9,-1
1000021_105_1__12,0,2.05,1.0,3,9,-1
81_106_2__0,0,0.66,1.0,0,9,-1
82_1000009_1__22,0,1.66,1.0,4,9,-1
1000007_21_1__47,0,2.57,1.0,0,4,-1
1000007_21_1__49,0,2.32,1.0,2,4,-1
81_1000009_1__15,0,1.87,1.0,0,0,-1
82_1000013_1__2,0,2.93,1.0,0,0,-1
1000005_1000013_1__63,0,0.98,1.0,0,0,-1
1000005_1000014_1__13,0,1.68,1.0,0,0,-1
1000005_1000008_1__0,0,0.98,1.0,0,0,-1
1000005_1000013_1__30,0,0.97,1.0,0,0,-1
18_1000011_1__117,0,0.81,1.0,0,0,-1
18_1000011_1__3,0,1.34,1.0,0,0,-1
1000005_91_1__19,0,2.03,1.0,0,0,-1
17_1000000_2__36,0,1.11,1.0,2,5,-1
17_1000000_2__6,0,1.98,1.0,0,1,-1
71_1000000_1__32,0,2.52,1.0,2,5,-1
1000019_14_1__22,0,1.66,1.0,3,6,-1
1000019_22_1__39,0,2.27,1.0,1,6,-1
1000019_14_1__26,0,2.98,1.0,1,6,-1
1000019_19_1__36,0,1.76,1.0,2,6,-1
1000019_22_1__70,0,1.32,1.0,0,6,-1
1000019_19_1__9,0,0.78,1.0,0,6,-1
1000019_23_1__12,0,2.44,1.0,1,6,-1
1000019_17_1__36,0,2.84,1.0,0,8,-1
1000019_107_1__14,0,1.46,1.0,2,8,-1
1000019_106_1__22,0,1.47,1.0,0,8,-1
1000019_1000002_2__18,0,2.16,1.0,0,8,-1
70_1000000_1__27,0,2.33,1.0,1,3,-1
20_1000000_1__61,0,2.01,1.0,0,2,-1
16_1000000_1__21,0,1.81,1.0,0,3,-1
15_1000000_2__0,0,1.93,1.0,0,1,-1
77_1000000_1__1,0,2.46,1.0,0,3,-1
1000020_1000000_1__34,0,0.53,1.0,1,2,-1
23_1000000_1__70,0,0.63,1.0,0,3,-1
15_1000000_1__13,0,2.55,1.0,1,2,-1
1000020_1000000_1__48,0,2.56,1.0,0,2,-1
14_1000000_1__2,0,0.93,1.0,0,0,-1
1000021_1000013_2__3,0,2.98,1.0,0,0,-1
1000005_1000013_1__52,0,1.63,1.0,0,0,-1
1000002_1000010_1__18,0,0.89,1.0,0,0,-1
1000021_1000014_1__37,0,1.58,1.0,0,0,-1
1000021_1000013_1__14,0,0.82,1.0,0,0,-1
1000005_91_1__0,0,0.86,1.0,0,0,-1
1000005_1000013_1__58,0,1.8,1.0,0,0,-1
77_1000008_1__14,0,0.98,1.0,0,0,-1
1000021_17_1__11,0,1.83,1.0,0,0,-1
1000021_1000013_1__40,0,2.07,1.0,0,0,-1
1000002_1000009_1__9,0,2.24,1.0,0,3,-1
22_1000012_1__24,0,2.68,1.0,1,3,-1
82_19_1__4,0,2.69,1.0,1,2,-1
18_1000009_1__45,0,1.81,1.0,0,2,-1
23_1000002_1__43,0,2.49,1.0,0,0,-1
23_1000002_1__53,0,2.39,1.0,0,0,-1
22_1000009_1__20,0,1.5,1.0,0,0,-1
105_1000009_2__2,0,0.9,1.0,0,0,-1
15_1000007_1__3,0,2.72,1.0,0,0,-1
23_1000002_1__23,0,2.63,1.0,0,0,-1
22_1000008_1__62,0,2.55,1.0,0,0,-1
106_1000009_1__18,0,1.06,1.0,0,0,-1
1000019_23_3__60,0,1.49,1.0,0,0,-1
1000000_17_1__72,0,0.59,1.0,0,1,-1
1000000_50_1__16,0,2.65,1.0,1,6,-1
1000000_20_1__17,0,2.13,1.0,2,6,-1
1000000_23_2__6,0,2.75,1.0,2,6,-1
1000000_21_1__0,0,2.35,1.0,0,1,-1
1000000_17_1__135,0,1.5,1.0,1,4,-1
1000000_14_1__54,0,1.95,1.0,0,2,-1
1000000_91_1__13,0,2.33,1.0,1,1,-1
1000000_129_1__47,0,2.76,1.0,0,0,-1
1000000_23_3__7,0,0.64,1.0,0,2,-1
1000009_1000003_1__10,0,0.9,1.0,2,8,-1
1000009_19_2__11,0,2.57,1.0,0,6,-1
1000009_16_1__18,0,2.85,1.0,0,4,-1
1000009_22_1__31,0,2.19,1.0,0,4,-1
1000009_22_2__2,0,1.88,1.0,2,4,-1
1000009_16_1__11,0,1.65,1.0,1,4,-1
1000009_1000010_1__5,0,2.85,1.0,2,5,-1
1000009_91_1__1,0,2.9,1.0,2,4,-1
1000009_16_1__17,0,0.84,1.0,2,8,-1
1000009_1000010_1__23,0,2.21,1.0,0,8,-1
1000009_23_2__49,0,0.88,1.0,2,8,-1
1000009_19_2__79,0,0.8,1.0,1,8,-1
1000005_1000013_1__48,0,1.32,1.0,0,0,-1
1000005_1000009_1__3,0,0.88,1.0,0,0,-1
1000005_82_1__2,0,1.88,1.0,0,0,-1
18_1000011_1__64,0,2.42,1.0,0,0,-1
105_1000011_1__8,0,0.61,1.0,0,0,-1
82_1000000_1__30,0,0.96,1.0,1,5,-1
16_1000000_1__14,0,1.0,1.0,3,5,-1
70_1000000_1__33,0,2.19,1.0,1,5,-1
15_1000000_1__12,0,1.08,1.0,0,5,-1
81_1000000_1__3,0,1.19,1.0,1,5,-1
71_1000000_1__16,0,2.61,1.0,2,5,-1
77_1000000_1__15,0,1.08,1.0,0,5,-1
70_1000000_1__31,0,0.75,1.0,2,5,-1
1000014_1000000_1__1,0,1.14,1.0,0,1,-1
1000015_1000000_1__12,0,1.24,1.0,1,4,-1
1000015_1000000_1__22,0,2.23,1.0,1,2,-1
77_1000000_1__12,0,2.99,1.0,2,4,-1
1000002_1000000_1__68,0,2.94,1.0,0,4,-1
1000019_19_1__133,0,2.63,1.0,3,6,-1
19_1000000_1__17,0,0.95,1.0,0,4,-1
21_1000000_1__4,0,1.61,1.0,0,3,-1
81_1000007_1__7,0,2.34,1.0,0,0,-1
1000014_128_1__10,0,0.58,1.0,0,0,-1
17_1000007_2__17,0,2.29,1.0,0,0,-1
17_1000007_2__8,0,2.19,1.0,0,0,-1
81_1000007_1__18,0,1.46,1.0,0,0,-1
81_91_1__0,0,1.41,1.0,0,0,-1
77_1000014_2__0,0,0.6,1.0,0,0,-1
1000021_1000013_1__2,0,2.4,1.0,0,0,-1
1000005_1000013_1__9,0,2.82,1.0,0,0,-1
1000005_91_1__2,0,1.93,1.0,2,5,-1
16_1000013_1__70,0,2.34,1.0,1,5,-1
15_1000011_1__59,0,2.14,1.0,0,3,-1
23_1000002_2__22,0,1.09,1.0,0,3,-1
23_1000002_1__29,0,2.62,1.0,2,3,-1
1000021_1000009_1__2,0,1.12,1.0,1,3,-1
16_1000009_1__62,0,2.56,1.0,1,3,-1
22_1000009_1__34,0,2.23,1.0,0,3,-1
23_1000002_1__37,0,0.92,1.0,1,3,-1
23_1000002_1__35,0,1.85,1.0,0,3,-1
23_1000002_2__15,0,2.3,1.0,1,3,-1
23_1000007_1__0,0,0.72,1.0,1,3,-1
23_1000002_1__9,0,1.57,1.0,0,3,-1
23_1000002_1__20,0,0.74,1.0,0,3,-1
23_1000002_1__10,0,0.61,1.0,1,3,-1
1000000_120_1__28,0,2.91,1.0,1,6,-1
1000000_14_1__23,0,2.67,1.0,0,7,-1
1000000_17_1__115,0,1.45,1.0,0,3,-1
1000000_1000005_1__8,0,2.55,1.0,0,7,-1
1000000_23_2__39,0,1.5,1.0,2,6,-1
1000000_22_2__22,0,2.69,1.0,0,6,-1
1000000_14_1__19,0,2.28,1.0,0,2,-1
1000000_91_1__61,0,1.47,1.0,1,2,-1
1000000_17_1__10,0,0.52,1.0,0,1,-1
1000009_22_2__4,0,1.56,1.0,2,8,-1
1000009_17_2__6,0,0.59,1.0,1,8,-1
1000009_22_1__7,0,2.92,1.0,1,7,-1
1000009_19_2__92,0,2.86,1.0,0,6,-1
1000009_22_1__11,0,1.75,1.0,2,6,-1
1000009_19_2__5,0,1.87,1.0,3,6,-1
1000009_1000003_1__18,0,0.91,1.0,1,6,-1
1000009_1000012_1__1,0,2.64,1.0,1,6,-1
1000009_23_2__29,0,0.65,1.0,3,8,-1
1000009_22_1__18,0,1.53,1.0,3,6,-1
1000009_21_1__40,0,0.54,1.0,1,6,-1
1000009_23_2__11,0,1.02,1.0,3,8,-1
1000009_21_1__29,0,1.49,1.0,0,5,-1
1000009_129_1__17,0,2.25,1.0,0,5,-1
1000009_1000015_1__1,0,1.22,1.0,1,8,-1
1000009_23_2__14,0,2.5,1.0,1,8,-1
1000009_17_2__4,0,0.9,1.0,3,8,-1
18_1000009_1__13,0,2.4,1.0,1,5,-1
1000005_1000013_1__59,0,2.75,1.0,0,0,-1
1000005_1000004_1__2,0,2.08,1.0,0,0,-1
1000005_1000004_1__22,0,0.96,1.0,0,0,-1
1000005_23_2__0,0,1.59,1.0,0,0,-1
1000005_1000004_1__10,0,0.53,1.0,0,0,-1
1000005_1000013_1__29,0,0.72,1.0,0,0,-1
20_1000008_1__76,0,0.76,1.0,0,1,-1
15_1000008_1__12,0,2.55,1.0,0,1,-1
22_1000008_1__1,0,2.79,1.0,0,1,-1
1000002_91_2__8,0,0.61,1.0,1,1,-1
1000020_129_1__7,0,2.11,1.0,0,1,-1
17_1000000_2__42,0,2.72,1.0,0,3,-1
82_1000000_1__11,0,2.73,1.0,0,3,-1
82_1000000_1__17,0,0.93,1.0,1,4,-1
20_1000000_1__34,0,2.66,1.0,2,3,-1
50_1000000_1__56,0,1.45,1.0,0,3,-1
71_1000000_1__0,0,2.88,1.0,2,3,-1
1000002_1000000_1__52,0,1.88,1.0,0,3,-1
50_1000000_1__25,0,2.79,1.0,0,3,-1
1000002_1000000_1__26,0,2.36,1.0,0,3,-1
50_1000000_1__45,0,2.19,1.0,0,3,-1
1000002_1000000_1__27,0,1.77,1.0,0,3,-1
15_1000000_1__27,0,1.46,1.0,0,3,-1
1000020_1000000_1__88,0,2.88,1.0,1,3,-1
1000019_22_2__28,0,1.34,1.0,3,7,-1
1000019_19_1__41,0,1.39,1.0,1,5,-1
1000019_22_2__36,0,2.16,1.0,1,5,-1
1000008_22_1__7,0,1.15,1.0,0,1,-1
93_1000002_1__18,0,1.23,1.0,0,1,-1
82_128_1__0,0,1.92,1.0,0,0,-1
82_1000007_1__52,0,2.42,1.0,0,0,-1
82_1000007_1__3,0,2.31,1.0,0,0,-1
82_1000007_1__48,0,2.09,1.0,0,0,-1
1000021_17_3__0,0,1.04,1.0,3,5,-1
1000019_19_1__39,0,1.92,1.0,0,1,-1
1000019_23_2__22,0,2.0,1.0,0,1,-1
1000019_22_1__73,0,1.19,1.0,0,1,-1
1000019_19_1__31,0,1.49,1.0,1,1,-1
1000019_22_2__18,0,2.67,1.0,0,0,-1
1000019_19_1__102,0,2.63,1.0,0,0,-1
1000019_22_2__49,0,2.29,1.0,0,0,-1
1000019_23_3__33,0,2.89,1.0,0,0,-1
1000019_23_1__3,0,2.56,1.0,0,0,-1
1000019_22_1__11,0,1.67,1.0,0,1,-1
1000019_23_3__40,0,2.32,1.0,0,0,-1
1000019_19_1__27,0,1.45,1.0,0,0,-1
1000019_14_1__2,0,1.07,1.0,0,0,-1
1000019_23_3__24,0,0.62,1.0,0,0,-1
1000019_1000002_1__16,0,1.7,1.0,0,0,-1
1000000_18_1__35,0,1.22,1.0,0,5,-1
1000000_23_3__1,0,2.24,1.0,1,6,-1
1000000_22_1__23,0,2.95,1.0,3,6,-1
1000000_106_1__2,0,1.73,1.0,0,6,-1
1000000_18_1__19,0,1.85,1.0,2,6,-1
1000000_50_1__4,0,1.37,1.0,1,6,-1
1000000_22_2__6,0,2.97,1.0,2,6,-1
1000000_1000004_1__10,0,1.02,1.0,1,3,-1
1000000_17_1__44,0,2.08,1.0,0,6,-1
1000000_120_1__53,0,1.42,1.0,2,6,-1
1000000_15_1__7,0,2.94,1.0,0,1,-1
1000000_1000015_1__37,0,2.74,1.0,0,2,-1
1000000_14_1__20,0,2.17,1.0,1,2,-1
1000000_22_1__25,0,1.44,1.0,0,2,-1
1000005_1000014_1__24,0,2.87,1.0,0,0,-1
1000005_16_1__1,0,0.87,1.0,0,0,-1
21_1000000_1__17,0,2.8,1.0,0,0,-1
23_1000000_1__36,0,0.97,1.0,0,0,-1
15_1000008_1__24,0,2.21,1.0,0,0,-1
1000005_91_1__26,0,1.36,1.0,0,0,-1
70_1000000_1__2,0,1.81,1.0,0,2,-1
1000014_1000007_1__14,0,2.6,1.0,1,2,-1
15_1000000_1__9,0,2.38,1.0,1,2,-1
1000019_22_2__39,0,2.24,1.0,1,5,-1
1000019_14_1__17,0,1.48,1.0,1,4,-1
1000019_22_1__47,0,1.0,1.0,2,6,-1
1000019_19_1__54,0,2.39,1.0,2,6,-1
77_20_1__0,0,2.0,1.0,2,4,-1
1000005_1000013_1__88,0,2.89,1.0,2,4,-1
81_1000013_1__1,0,0.93,1.0,0,5,-1
77_1000008_1__5,0,0.74,1.0,0,4,-1
1000021_17_2__10,0,1.76,1.0,1,5,-1
1000005_1000013_1__125,0,1.76,1.0,3,5,-1
81_1000013_1__50,0,2.26,1.0,0,5,-1
91_1000013_1__9,0,2.04,1.0,0,2,-1
1000000_22_1__4,0,0.8,1.0,1,5,-1
1000000_107_2__0,0,1.52,1.0,1,2,-1
1000000_23_1__10,0,0.52,1.0,3,5,-1
1000000_17_1__125,0,1.41,1.0,0,2,-1
1000000_18_1__25,0,2.88,1.0,0,2,-1
1000000_17_1__85,0,1.39,1.0,0,2,-1
1000021_1000009_1__13,0,2.41,1.0,1,4,-1
1000020_77_1__9,0,1.16,1.0,0,5,-1
18_1000011_1__87,0,1.86,1.0,0,0,-1
18_1000011_1__36,0,2.12,1.0,0,0,-1
18_1000011_1__27,0,0.99,1.0,0,0,-1
1000005_91_1__7,0,2.35,1.0,0,0,-1
1000014_1000007_1__18,0,0.7,1.0,0,0,-1
15_1000008_1__16,0,1.55,1.0,0,0,-1
106_1000008_2__4,0,2.63,1.0,0,0,-1
1000020_1000000_1__13,0,1.03,1.0,0,4,-1
50_1000000_1__1,0,1.47,1.0,0,1,-1
18_1000000_2__1,0,2.09,1.0,2,4,-1
1000002_1000000_1__78,0,2.75,1.0,2,4,-1
1000004_1000000_1__10,0,0.63,1.0,0,1,-1
1000019_22_1__83,0,2.48,1.0,0,4,-1
1000019_91_1__163,0,0.53,1.0,0,1,-1
1000019_23_3__35,0,2.0,1.0,1,4,-1
1000019_23_3__36,0,1.59,1.0,2,3,-1
1000019_22_1__54,0,2.48,1.0,1,3,-1
1000019_19_1__157,0,2.54,1.0,1,3,-1
1000019_23_1__31,0,0.52,1.0,0,3,-1
1000019_19_1__104,0,1.98,1.0,0,3,-1
1000019_23_1__1,0,1.71,1.0,0,3,-1
1000019_21_1__7,0,2.79,1.0,1,3,-1
1000019_19_1__115,0,2.95,1.0,0,4,-1
1000019_22_1__35,0,1.04,1.0,0,3,-1
1000019_18_2__2,0,2.88,1.0,0,4,-1
1000019_23_1__8,0,1.03,1.0,0,4,-1
71_1000000_1__12,0,2.69,1.0,2,3,-1
71_1000000_1__24,0,0.82,1.0,1,3,-1
1000003_1000000_1__5,0,1.09,1.0,1,3,-1
1000000_23_1__42,0,2.33,1.0,2,5,-1
1000000_17_1__23,0,1.59,1.0,1,2,-1
1000000_105_2__9,0,1.45,1.0,0,3,-1
1000000_14_1__59,0,1.44,1.0,1,5,-1
1000000_1000016_1__4,0,2.63,1.0,1,2,-1
1000000_1000005_1__39,0,1.14,1.0,0,5,-1
1000000_23_1__68,0,1.31,1.0,1,4,-1
1000000_120_1__33,0,0.66,1.0,0,2,-1
1000000_91_1__58,0,1.36,1.0,0,1,-1
1000000_129_1__0,0,1.21,1.0,0,1,-1
1000000_17_1__93,0,2.32,1.0,0,1,-1
1000000_129_1__15,0,0.53,1.0,1,1,-1
1000000_129_1__60,0,2.83,1.0,1,1,-1
1000007_14_1__39,0,2.13,1.0,0,3,-1
1000020_77_1__6,0,2.34,1.0,0,4,-1
77_1000008_1__20,0,1.87,1.0,0,1,-1
70_1000008_1__5,0,2.63,1.0,0,0,-1
15_1000000_1__2,0,2.27,1.0,0,2,-1
82_1000000_1__28,0,1.21,1.0,0,4,-1
71_1000000_1__2,0,2.91,1.0,0,4,-1
50_1000000_1__64,0,0.77,1.0,2,4,-1
70_1000000_1__17,0,2.27,1.0,1,4,-1
18_1000000_2__13,0,1.52,1.0,1,2,-1
1000019_23_3__8,0,1.22,1.0,0,3,-1
1000019_21_1__40,0,1.56,1.0,0,3,-1
1000019_23_2__18,0,1.44,1.0,0,3,-1
1000019_23_1__13,0,1.49,1.0,2,3,-1
1000019_23_3__57,0,2.78,1.0,2,3,-1
1000021_105_1__2,0,1.62,1.0,0,0,-1
1000000_20_1__41,0,2.96,1.0,1,4,-1
1000000_18_1__3,0,1.33,1.0,1,4,-1
1000000_16_1__10,0,2.81,1.0,1,4,-1
1000000_17_1__70,0,2.85,1.0,1,4,-1
1000000_23_1__29,0,0.84,1.0,2,4,-1
1000000_23_2__50,0,0.63,1.0,0,4,-1
1000000_19_1__37,0,2.75,1.0,1,2,-1
1000000_107_1__0,0,1.39,1.0,2,4,-1
1000000_17_1__21,0,2.03,1.0,1,1,-1
1000000_19_1__20,0,2.24,1.0,1,4,-1
1000000_22_1__41,0,0.66,1.0,0,2,-1
1000000_23_3__0,0,1.25,1.0,1,4,-1
1000000_77_1__2,0,1.73,1.0,1,4,-1
1000000_14_1__6,0,2.83,1.0,1,4,-1
1000000_16_1__2,0,2.07,1.0,1,4,-1
1000000_129_1__90,0,2.17,1.0,0,1,-1
1000000_91_1__8,0,1.71,1.0,0,1,-1
1000000_129_1__26,0,2.54,1.0,0,1,-1
1000000_129_1__17,0,0.77,1.0,0,1,-1
1000000_129_1__29,0,2.3,1.0,0,1,-1
1000009_106_1__26,0,1.18,1.0,1,5,-1
50_1000000_1__57,0,1.17,1.0,0,5,-1
20_1000008_1__69,0,1.39,1.0,0,1,-1
1000009_91_2__8,0,1.11,1.0,0,1,-1
1000014_1000007_1__8,0,0.57,1.0,1,1,-1
1000014_1000007_1__31,0,2.72,1.0,0,1,-1
105_1000000_1__3,0,1.71,1.0,1,4,-1
20_1000000_1__30,0,2.33,1.0,0,4,-1
20_1000000_1__3,0,1.83,1.0,1,4,-1
106_1000000_2__11,0,2.22,1.0,1,4,-1
82_1000000_1__1,0,0.81,1.0,0,4,-1
1000019_91_1__44,0,2.94,1.0,0,1,-1
1000019_18_1__0,0,2.12,1.0,0,3,-1
1000019_91_1__45,0,0.93,1.0,0,1,-1
1000019_23_1__37,0,2.5,1.0,0,3,-1
1000019_22_1__68,0,0.94,1.0,1,3,-1
1000019_19_1__58,0,0.63,1.0,1,3,-1
1000019_19_1__125,0,0.68,1.0,1,3,-1
1000019_19_1__33,0,2.98,1.0,0,3,-1
1000019_19_1__120,0,0.69,1.0,1,3,-1
1000019_15_1__95,0,1.08,1.0,0,3,-1
1000019_1000007_1__74,0,1.45,1.0,0,3,-1
1000008_14_1__25,0,1.77,1.0,0,1,-1
1000008_21_1__3,0,2.63,1.0,0,1,-1
1000021_105_1__28,0,0.73,1.0,0,0,-1
82_50_1__2,0,2.51,1.0,0,0,-1
1000000_120_1__24,0,1.08,1.0,0,3,-1
1000000_14_1__21,0,2.31,1.0,0,3,-1
1000000_22_1__40,0,2.73,1.0,0,1,-1
1000000_1000004_1__2,0,1.16,1.0,0,1,-1
1000000_129_1__12,0,1.25,1.0,0,1,-1
1000000_17_1__146,0,2.52,1.0,0,0,-1
82_70_1__4,0,2.0,1.0,0,0,-1
82_1000004_1__4,0,1.49,1.0,0,0,-1
82_1000013_1__40,0,0.55,1.0,0,0,-1
50_1000009_1__61,0,2.95,1.0,1,1,-1
18_1000009_1__22,0,1.28,1.0,0,1,-1
1000005_81_1__20,0,2.65,1.0,0,0,-1
1000005_77_1__13,0,2.39,1.0,0,0,-1
1000005_1000009_1__5,0,1.42,1.0,0,0,-1
1000005_91_1__11,0,2.94,1.0,0,0,-1
15_1000000_2__12,0,2.14,1.0,1,3,-1
1000002_1000000_1__67,0,2.75,1.0,1,3,-1
1000014_21_1__4,0,2.31,1.0,0,3,-1
21_1000000_1__12,0,0.56,1.0,1,3,-1
106_1000008_2__34,0,1.41,1.0,0,3,-1
20_1000008_1__87,0,2.82,1.0,0,1,-1
17_1000000_3__3,0,2.82,1.0,0,3,-1
1000004_1000000_1__2,0,2.11,1.0,0,3,-1
82_1000000_1__33,0,1.03,1.0,0,3,-1
18_1000000_2__39,0,1.29,1.0,1,3,-1
20_1000000_1__20,0,1.75,1.0,0,3,-1
20_1000000_1__26,0,2.38,1.0,2,3,-1
1000019_22_2__60,0,1.05,1.0,0,3,-1
1000019_91_1__33,0,1.9,1.0,1,1,-1
1000019_91_1__105,0,1.93,1.0,0,1,-1
1000019_19_1__37,0,0.57,1.0,2,3,-1
1000019_23_1__5,0,2.6,1.0,0,3,-1
1000019_23_3__17,0,0.99,1.0,0,3,-1
1000019_21_1__25,0,1.76,1.0,0,3,-1
1000019_23_3__25,0,1.2,1.0,2,3,-1
1000019_23_3__23,0,1.33,1.0,0,3,-1
1000019_22_2__1,0,1.16,1.0,1,3,-1
1000019_14_1__15,0,2.32,1.0,0,3,-1
1000019_23_3__49,0,0.73,1.0,1,2,-1
23_1000000_1__35,0,2.37,1.0,1,2,-1
70_1000000_1__7,0,1.33,1.0,1,2,-1
77_1000007_1__41,0,1.4,1.0,0,0,-1
91_20_1__1,0,1.8,1.0,0,3,-1
1000000_1000004_1__21,0,0.86,1.0,0,3,-1
1000000_19_1__44,0,1.42,1.0,1,3,-1
1000000_18_1__41,0,2.21,1.0,1,3,-1
1000000_17_1__80,0,1.69,1.0,0,3,-1
1000000_17_1__98,0,1.51,1.0,0,3,-1
1000000_20_1__13,0,2.68,1.0,0,3,-1
1000000_1000015_1__2,0,0.64,1.0,0,3,-1
1000000_23_1__6,0,1.49,1.0,0,3,-1
1000000_107_1__30,0,1.76,1.0,2,3,-1
1000000_81_1__35,0,2.58,1.0,1,3,-1
1000000_22_1__33,0,2.79,1.0,1,3,-1
1000000_17_1__101,0,1.38,1.0,0,2,-1
1000000_1000015_1__25,0,2.8,1.0,0,2,-1
1000000_129_1__11,0,2.95,1.0,0,1,-1
1000000_20_1__15,0,2.84,1.0,0,2,-1
1000000_107_1__5,0,0.74,1.0,0,1,-1
82_1000013_1__17,0,1.91,1.0,0,0,-1
50_1000009_1__41,0,1.75,1.0,0,1,-1
19_1000002_1__15,0,1.64,1.0,0,0,-1
23_1000009_1__4,0,2.09,1.0,0,0,-1
19_1000009_1__18,0,1.31,1.0,0,0,-1
22_1000008_1__17,0,2.11,1.0,1,2,-1
22_1000008_1__70,0,2.67,1.0,0,2,-1
18_1000000_2__20,0,2.12,1.0,0,2,-1
22_1000008_1__2,0,1.28,1.0,1,2,-1
106_1000008_2__16,0,1.14,1.0,0,2,-1
106_1000008_2__8,0,2.9,1.0,0,2,-1
106_1000008_2__21,0,2.05,1.0,0,2,-1
22_1000000_1__28,0,1.53,1.0,0,2,-1
106_1000000_2__1,0,2.41,1.0,1,2,-1
18_1000000_2__7,0,1.59,1.0,0,2,-1
1000019_22_1__40,0,2.31,1.0,0,2,-1
1000019_23_3__7,0,0.71,1.0,2,2,-1
1000019_19_1__13,0,0.61,1.0,1,2,-1
1000019_19_1__113,0,1.55,1.0,1,2,-1
1000019_14_1__27,0,0.99,1.0,1,2,-1
1000019_22_2__47,0,1.15,1.0,1,2,-1
1000019_19_1__63,0,2.55,1.0,0,2,-1
1000019_23_3__13,0,0.63,1.0,2,2,-1
1000019_19_1__158,0,1.7,1.0,0,2,-1
1000019_22_2__68,0,1.15,1.0,0,2,-1
1000019_21_1__20,0,2.45,1.0,1,2,-1
1000015_1000011_1__83,0,1.87,1.0,0,0,-1
1000015_1000011_1__155,0,1.92,1.0,0,0,-1
81_1000007_1__36,0,2.45,1.0,0,0,-1
81_1000011_1__27,0,2.11,1.0,0,0,-1
81_1000011_1__11,0,2.43,1.0,0,0,-1
70_1000011_1__25,0,2.59,1.0,0,0,-1
1000015_1000011_1__117,0,0.99,1.0,0,0,-1
1000015_1000011_1__53,0,0.84,1.0,0,0,-1
1000015_1000011_1__141,0,2.27,1.0,0,0,-1
1000021_1000004_1__8,0,2.24,1.0,1,1,-1
82_1000013_1__39,0,1.67,1.0,0,1,-1
1000021_1000014_1__27,0,2.84,1.0,0,1,-1
77_1000013_1__59,0,1.59,1.0,1,1,-1
1000005_1000004_1__14,0,2.79,1.0,0,1,-1
1000021_1000004_1__35,0,2.12,1.0,0,1,-1
1000021_1000014_1__46,0,2.98,1.0,0,1,-1
1000021_1000013_1__28,0,1.54,1.0,1,1,-1
1000021_70_1__2,0,1.48,1.0,1,1,-1
77_1000013_1__13,0,2.15,1.0,0,1,-1
1000021_1000003_1__13,0,2.58,1.0,0,1,-1
82_17_1__1,0,2.69,1.0,0,1,-1
1000005_1000013_1__57,0,1.42,1.0,0,1,-1
82_1000013_1__4,0,2.34,1.0,0,1,-1
1000005_1000013_1__120,0,2.34,1.0,1,1,-1
50_1000013_1__9,0,1.41,1.0,0,1,-1
1000005_1000013_1__1,0,2.76,1.0,0,1,-1
81_1000013_1__39,0,1.85,1.0,0,1,-1
1000005_1000013_1__126,0,2.79,1.0,0,1,-1
1000005_1000013_1__78,0,0.92,1.0,0,1,-1
77_1000000_1__16,0,1.51,1.0,1,1,-1
15_1000009_1__3,0,0.67,1.0,0,0,-1
22_1000008_1__33,0,1.01,1.0,0,0,-1
23_1000002_2__0,0,0.71,1.0,0,0,-1
16_1000009_1__19,0,0.54,1.0,0,0,-1
22_1000008_1__21,0,2.73,1.0,0,0,-1
82_1000009_1__20,0,2.14,1.0,0,0,-1
22_1000008_1__24,0,2.58,1.0,0,0,-1
1000002_1000009_1__75,0,2.52,1.0,0,0,-1
16_1000007_1__14,0,2.49,1.0,0,0,-1
16_1000009_1__91,0,2.08,1.0,0,0,-1
15_1000011_1__22,0,0.75,1.0,0,0,-1
1000005_1000009_1__13,0,2.27,1.0,0,0,-1
23_18_1__0,0,2.87,1.0,0,0,-1
16_1000007_1__29,0,1.88,1.0,0,0,-1
1000000_22_1__14,0,1.65,1.0,0,2,-1
1000000_128_1__0,0,2.02,1.0,1,2,-1
1000000_17_1__32,0,2.95,1.0,0,2,-1
1000000_17_1__41,0,2.67,1.0,1,2,-1
1000000_19_1__42,0,1.59,1.0,0,2,-1
1000000_106_1__8,0,1.32,1.0,1,2,-1
1000000_23_2__10,0,1.57,1.0,0,2,-1
1000000_1000005_1__19,0,2.28,1.0,0,2,-1
1000000_105_1__16,0,0.5,1.0,0,2,-1
1000000_1000005_1__17,0,2.53,1.0,0,2,-1
1000000_17_1__102,0,2.24,1.0,1,2,-1
1000000_17_1__136,0,1.72,1.0,2,2,-1
1000000_129_1__19,0,0.72,1.0,0,1,-1
1000000_91_1__18,0,1.72,1.0,0,1,-1
1000000_20_1__10,0,1.95,1.0,0,1,-1
1000009_22_2__23,0,2.18,1.0,1,2,-1
1000009_21_1__35,0,1.88,1.0,2,2,-1
1000009_21_1__47,0,2.02,1.0,0,2,-1
1000009_22_2__36,0,2.7,1.0,0,2,-1
1000009_23_1__23,0,1.1,1.0,1,2,-1
1000009_23_2__30,0,1.09,1.0,0,2,-1
1000009_129_1__2,0,2.87,1.0,0,2,-1
106_1000009_1__22,0,2.89,1.0,0,1,-1
15_1000000_1__32,0,0.87,1.0,1,1,-1
15_1000008_1__50,0,2.01,1.0,0,1,-1
15_1000000_1__5,0,2.9,1.0,0,1,-1
15_1000000_1__30,0,1.4,1.0,0,1,-1
15_1000000_1__8,0,1.83,1.0,0,1,-1
70_1000000_1__18,0,2.2,1.0,0,1,-1
1000015_1000000_1__8,0,2.86,1.0,0,1,-1
71_1000000_1__7,0,1.8,1.0,1,1,-1
1000019_22_2__10,0,2.34,1.0,0,1,-1
1000019_23_1__25,0,2.86,1.0,0,1,-1
1000019_18_1__9,0,1.65,1.0,0,1,-1
1000019_91_1__123,0,0.52,1.0,0,1,-1
1000019_23_2__2,0,1.19,1.0,1,1,-1
1000019_22_2__11,0,1.94,1.0,0,1,-1
1000019_23_3__28,0,1.71,1.0,0,1,-1
1000008_21_1__40,0,0.91,1.0,0,0,-1
1000008_18_1__16,0,1.14,1.0,0,0,-1
1000008_21_1__32,0,1.1,1.0,0,0,-1
1000008_120_1__26,0,1.54,1.0,0,0,-1
1000008_18_1__6,0,1.91,1.0,0,0,-1
1000021_105_1__23,0,1.85,1.0,0,0,-1
82_1000007_1__26,0,1.29,1.0,0,0,-1
1000021_17_1__45,0,2.77,1.0,0,0,-1
1000005_1000013_1__141,0,1.37,1.0,0,0,-1
1000000_77_1__0,0,2.0,1.0,0,0,-1
81_91_1__1,0,2.19,1.0,0,0,-1
1000021_17_2__16,0,2.25,1.0,0,0,-1
1000021_17_1__50,0,2.45,1.0,0,0,-1
1000005_91_1__9,0,1.03,1.0,0,0,-1
1000021_1000013_1__78,0,1.76,1.0,0,0,-1
1000002_91_2__13,0,1.5,1.0,0,0,-1
105_1000013_1__15,0,1.94,1.0,0,0,-1
1000021_1000014_1__52,0,2.89,1.0,0,0,-1
15_21_1__1,0,2.81,1.0,0,0,-1
23_1000002_2__21,0,1.28,1.0,0,0,-1
106_1000009_1__5,0,2.33,1.0,0,0,-1
15_1000009_1__4,0,2.49,1.0,0,0,-1
1000000_18_1__10,0,1.42,1.0,0,1,-1
1000000_22_2__9,0,1.14,1.0,0,1,-1
1000000_14_1__73,0,1.14,1.0,1,1,-1
1000000_19_1__3,0,0.8,1.0,0,1,-1
1000009_23_1__22,0,0.76,1.0,0,1,-1
1000009_21_1__4,0,2.36,1.0,0,1,-1
1000009_16_1__8,0,1.38,1.0,1,1,-1
1000009_23_2__52,0,1.37,1.0,0,1,-1
1000009_23_1__34,0,1.44,1.0,0,1,-1
1000009_22_1__50,0,1.21,1.0,1,1,-1
1000009_23_2__7,0,1.28,1.0,0,1,-1
1000009_22_1__24,0,2.33,1.0,0,1,-1
1000009_1000010_1__14,0,2.2,1.0,0,1,-1
1000009_19_2__107,0,2.15,1.0,0,1,-1
1000009_14_1__19,0,1.79,1.0,0,1,-1
1000009_22_2__12,0,2.95,1.0,1,1,-1
1000009_23_2__0,0,1.92,1.0,0,1,-1
1000009_23_2__4,0,0.81,1.0,0,1,-1
1000009_22_1__13,0,1.79,1.0,1,1,-1
1000009_1000015_1__11,0,1.66,1.0,0,1,-1
1000009_23_2__45,0,2.57,1.0,0,1,-1
50_23_1__7,0,1.32,1.0,0,0,-1
18_1000009_1__16,0,0.72,1.0,0,0,-1
71_1000008_1__4,0,2.87,1.0,0,0,-1
71_1000000_1__39,0,2.74,1.0,0,0,-1
1000019_91_1__157,0,1.59,1.0,0,0,-1
1000019_91_1__64,0,1.66,1.0,0,0,-1
1000019_21_1__23,0,0.62,1.0,0,0,-1
1000019_91_1__174,0,2.54,1.0,0,0,-1
1000019_21_1__39,0,1.19,1.0,0,0,-1
1000019_19_1__108,0,2.9,1.0,0,0,-1
1000019_19_1__59,0,1.19,1.0,0,0,-1
1000019_19_1__105,0,1.18,1.0,0,0,-1
1000019_19_1__53,0,1.29,1.0,0,0,-1
1000019_18_2__3,0,1.42,1.0,0,0,-1
1000019_22_1__29,0,2.12,1.0,0,0,-1
1000019_19_1__70,0,2.22,1.0,0,0,-1
1000019_14_1__11,0,2.21,1.0,0,0,-1
1000019_19_1__72,0,2.98,1.0,0,0,-1
1000008_18_1__25,0,0.61,1.0,0,0,-1
93_129_1__2,0,2.54,1.0,0,0,-1
1000019_23_1__24,0,2.9,1.0,0,0,-1
82_1000007_1__15,0,0.81,1.0,0,0,-1
1000021_1000004_1__0,0,1.52,1.0,0,0,-1
81_1000004_1__6,0,0.56,1.0,0,0,-1
81_1000013_1__2,0,1.42,1.0,0,0,-1
81_1000004_1__1,0,1.46,1.0,0,0,-1
1000005_1000004_1__9,0,2.72,1.0,0,0,-1
77_23_2__0,0,1.58,1.0,0,0,-1
77_1000013_1__1,0,0.78,1.0,0,0,-1
1000005_1000014_1__16,0,1.46,1.0,0,0,-1
81_1000014_1__13,0,0.85,1.0,0,0,-1
16_1000013_1__164,0,0.7,1.0,0,0,-1
50_17_2__1,0,2.96,1.0,0,0,-1
1000021_17_3__6,0,2.5,1.0,0,0,-1
15_1000007_1__11,0,1.43,1.0,0,0,-1
23_1000002_1__17,0,2.39,1.0,0,0,-1
23_1000002_1__22,0,1.44,1.0,0,0,-1
23_1000002_2__7,0,2.09,1.0,0,0,-1
22_1000000_1__32,0,1.34,1.0,0,0,-1
15_1000009_1__10,0,2.11,1.0,0,0,-1
15_1000009_1__1,0,1.15,1.0,0,0,-1
106_1000009_1__8,0,1.23,1.0,0,0,-1
16_1000007_1__69,0,2.78,1.0,0,0,-1
16_1000009_1__89,0,0.7,1.0,0,0,-1
106_1000000_1__4,0,2.76,1.0,0,0,-1
106_1000009_1__0,0,1.43,1.0,0,0,-1
1000000_22_2__8,0,2.07,1.0,0,0,-1
1000000_105_1__3,0,1.68,1.0,0,0,-1
1000000_17_1__121,0,1.58,1.0,0,0,-1
1000000_17_1__79,0,2.66,1.0,0,0,-1
1000000_23_1__57,0,2.72,1.0,0,0,-1
1000000_22_1__28,0,1.43,1.0,0,0,-1
1000000_16_1__11,0,1.16,1.0,0,0,-1
1000000_23_3__6,0,1.36,1.0,0,0,-1
1000000_23_2__7,0,2.56,1.0,0,0,-1
1000000_23_1__12,0,1.19,1.0,0,0,-1
1000009_14_1__23,0,2.42,1.0,0,0,-1
1000009_92_1__16,0,2.29,1.0,0,0,-1
1000009_16_1__4,0,2.04,1.0,0,0,-1
1000009_21_1__48,0,1.21,1.0,0,0,-1
1000009_20_1__6,0,2.35,1.0,0,0,-1
1000003_107_1__11,0,2.37,1.0,0,0,-1
18_1000011_1__73,0,2.68,1.0,0,0,-1
70_1000000_1__13,0,2.27,1.0,0,0,-1
1000019_19_1__85,0,1.91,1.0,0,0,-1
1000019_23_3__39,0,1.32,1.0,0,0,-1
1000019_22_1__31,0,1.11,1.0,0,0,-1
1000019_23_1__0,0,0.64,1.0,0,0,-1
1000019_21_1__22,0,2.82,1.0,0,0,-1
1000019_19_1__21,0,0.94,1.0,0,0,-1
1000019_19_1__49,0,2.82,1.0,0,0,-1
1000019_19_1__160,0,2.66,1.0,0,0,-1
1000019_22_2__43,0,2.88,1.0,0,0,-1
1000019_23_1__21,0,2.31,1.0,0,0,-1
1000019_1000002_1__2,0,2.93,1.0,0,0,-1
93_1000002_1__20,0,2.2,1.0,0,0,-1
1000008_50_1__12,0,1.7,1.0,0,0,-1
93_16_1__1,0,2.0,1.0,0,0,-1
81_1000004_1__0,0,1.11,1.0,0,0,-1
1000007_1000004_1__45,0,2.49,1.0,0,0,-1
81_1000014_1__7,0,2.11,1.0,0,0,-1
1000005_1000013_1__70,0,1.38,1.0,0,0,-1
1000005_1000013_1__98,0,1.69,1.0,0,0,-1
82_1000009_1__14,0,0.82,1.0,0,0,-1
18_1000009_1__53,0,0.72,1.0,0,0,-1
15_1000011_1__25,0,2.75,1.0,0,0,-1
16_1000009_1__85,0,1.35,1.0,0,0,-1
17_1000009_1__8,0,1.83,1.0,0,0,-1
23_82_1__1,0,1.57,1.0,0,0,-1
23_1000002_1__39,0,2.57,1.0,0,0,-1
23_1000002_1__41,0,0.91,1.0,0,0,-1
23_1000002_1__13,0,2.71,1.0,0,0,-1
16_1000007_1__48,0,1.73,1.0,0,0,-1
22_1000000_1__20,0,2.63,1.0,0,0,-1
23_1000002_1__51,0,2.51,1.0,0,0,-1
23_1000002_2__3,0,1.52,1.0,0,0,-1
81_19_1__4,0,1.7,1.0,0,0,-1
16_1000009_1__67,0,2.79,1.0,0,0,-1
15_1000011_1__61,0,1.6,1.0,0,0,-1
1000000_81_1__14,0,1.4,1.0,0,0,-1
1000000_105_1__18,0,1.84,1.0,0,0,-1
1000000_17_1__86,0,1.24,1.0,0,0,-1
1000000_81_1__22,0,1.68,1.0,0,0,-1
1000000_81_1__18,0,2.9,1.0,0,0,-1
1000000_50_1__35,0,1.59,1.0,0,0,-1
1000000_50_1__27,0,1.44,1.0,0,0,-1
1000000_17_1__89,0,0.53,1.0,0,0,-1
1000000_20_1__22,0,1.89,1.0,0,0,-1
1000000_18_1__4,0,2.01,1.0,0,0,-1
1000000_17_1__5,0,0.73,1.0,0,0,-1
1000000_1000015_1__14,0,2.19,1.0,0,0,-1
82_1000000_1__9,0,1.01,1.0,0,0,-1
1000007_16_1__19,0,1.73,1.0,0,0,-1
18_1000009_1__30,0,2.42,1.0,0,0,-1
18_1000009_1__38,0,1.79,1.0,0,0,-1
105_1000009_2__5,0,1.21,1.0,0,0,-1
1000019_1000002_1__6,0,1.58,1.0,0,0,-1
1000019_19_1__0,0,1.49,1.0,0,0,-1
1000019_19_1__80,0,0.66,1.0,0,0,-1
1000019_15_1__44,0,1.93,1.0,0,0,-1
1000019_50_1__15,0,0.64,1.0,0,0,-1
1000008_1000002_1__18,0,1.54,1.0,0,0,-1
1000008_1000002_1__8,0,2.79,1.0,0,0,-1
1000008_16_2__5,0,0.79,1.0,0,0,-1
1000008_14_1__21,0,0.54,1.0,0,0,-1
77_1000000_1__14,0,0.72,1.0,0,0,-1
71_1000000_1__25,0,0.59,1.0,0,0,-1
1000008_105_2__7,0,0.55,1.0,0,0,-1
1000008_50_1__17,0,2.7,1.0,0,0,-1
1000004_1000011_1__5,0,0.79,1.0,0,0,-1
23_50_1__4,0,0.84,1.0,0,0,-1
22_1000013_1__0,0,2.75,1.0,0,0,-1
15_1000011_1__34,0,1.51,1.0,0,0,-1
16_1000007_1__39,0,0.94,1.0,0,0,-1
1000005_1000009_1__24,0,2.29,1.0,0,0,-1
1000021_129_1__1,0,2.49,1.0,0,0,-1
23_1000002_1__40,0,1.01,1.0,0,0,-1
22_1000000_1__16,0,0.97,1.0,0,0,-1
15_1000007_1__7,0,1.92,1.0,0,0,-1
1000000_19_1__9,0,1.87,1.0,0,0,-1
1000000_1000005_1__41,0,2.5,1.0,0,0,-1
1000000_107_1__1,0,2.55,1.0,0,0,-1
1000000_120_1__18,0,1.75,1.0,0,0,-1
1000000_50_1__12,0,1.56,1.0,0,0,-1
1000000_23_1__14,0,2.18,1.0,0,0,-1
1000000_22_2__19,0,2.13,1.0,0,0,-1
1000000_23_2__53,0,1.56,1.0,0,0,-1
1000000_17_1__110,0,1.03,1.0,0,0,-1
1000005_91_1__12,0,2.36,1.0,0,0,-1
23_1000000_1__31,0,1.62,1.0,0,0,-1
1000019_81_1__38,0,0.59,1.0,0,0,-1
1000008_18_1__14,0,0.64,1.0,0,0,-1
70_1000000_1__1,0,2.26,1.0,0,0,-1
77_1000000_1__11,0,1.02,1.0,0,0,-1
1000008_18_1__31,0,2.45,1.0,0,0,-1
1000008_120_1__20,0,1.64,1.0,0,0,-1
23_50_2__0,0,0.8,1.0,0,0,-1
14_1000009_1__11,0,1.64,1.0,0,0,-1
15_1000009_1__0,0,1.75,1.0,0,0,-1
16_1000009_1__94,0,2.28,1.0,0,0,-1
15_1000011_1__6,0,1.97,1.0,0,0,-1
106_1000009_1__19,0,0.84,1.0,0,0,-1
1000000_23_1__30,0,2.98,1.0,0,0,-1
1000000_120_1__9,0,1.1,1.0,0,0,-1
1000000_14_1__53,0,2.43,1.0,0,0,-1
1000000_22_2__15,0,2.91,1.0,0,0,-1
1000000_20_1__25,0,1.01,1.0,0,0,-1
1000000_14_1__39,0,2.13,1.0,0,0,-1
23_1000009_1__25,0,2.32,1.0,0,0,-1
19_1000002_1__29,0,0.9,1.0,0,0,-1
23_1000000_1__44,0,0.73,1.0,0,0,-1
23_1000009_1__30,0,2.68,1.0,0,0,-1
18_1000011_1__103,0,2.09,1.0,0,0,-1
18_1000011_1__119,0,1.73,1.0,0,0,-1
1000014_1000009_1__9,0,1.13,1.0,0,0,-1
70_1000008_1__3,0,2.05,1.0,0,0,-1
70_1000000_1__10,0,1.24,1.0,0,0,-1
71_1000000_1__4,0,1.04,1.0,0,0,-1
20_1000011_1__4,0,2.89,1.0,0,0,-1
77_1000007_1__33,0,1.55,1.0,0,0,-1
23_1000002_1__0,0,0.54,1.0,0,0,-1
1000005_1000009_1__25,0,1.08,1.0,0,0,-1
15_1000009_1__5,0,2.5,1.0,0,0,-1
1000005_1000009_1__16,0,0.79,1.0,0,0,-1
22_1000009_1__25,0,1.63,1.0,0,0,-1
16_1000009_1__59,0,0.64,1.0,0,0,-1
15_1000009_1__9,0,2.58,1.0,0,0,-1
1000021_1000009_1__16,0,1.01,1.0,0,0,-1
15_1000009_1__8,0,1.95,1.0,0,0,-1
16_1000009_1__77,0,1.09,1.0,0,0,-1
15_1000007_1__0,0,1.42,1.0,0,0,-1
22_1000009_1__12,0,1.58,1.0,0,0,-1
15_1000011_1__64,0,1.93,1.0,0,0,-1
22_1000008_1__44,0,1.86,1.0,0,0,-1
1000000_18_1__33,0,1.55,1.0,0,0,-1
1000000_23_1__28,0,2.89,1.0,0,0,-1
1000000_23_2__17,0,1.87,1.0,0,0,-1
1000000_23_1__85,0,1.58,1.0,0,0,-1
1000000_14_1__33,0,1.55,1.0,0,0,-1
1000000_18_1__34,0,2.14,1.0,0,0,-1
1000000_129_1__48,0,1.41,1.0,0,0,-1
18_1000009_1__73,0,0.87,1.0,0,0,-1
18_1000012_1__17,0,1.5,1.0,0,0,-1
82_1000014_1__6,0,1.42,1.0,0,0,-1
23_1000000_1__41,0,1.17,1.0,0,0,-1
106_1000011_1__14,0,2.36,1.0,0,0,-1
70_1000000_1__21,0,1.67,1.0,0,0,-1
1000014_1000009_1__2,0,1.43,1.0,0,0,-1
20_1000008_1__63,0,2.47,1.0,0,0,-1
20_1000000_1__28,0,0.65,1.0,0,0,-1
16_1000000_1__20,0,2.61,1.0,0,0,-1
50_1000000_1__55,0,2.76,1.0,0,0,-1
17_1000007_2__4,0,2.92,1.0,0,0,-1
1000008_21_1__23,0,1.34,1.0,0,0,-1
1000015_1000011_1__130,0,2.1,1.0,0,0,-1
81_1000007_1__39,0,0.75,1.0,0,0,-1
17_1000011_1__2,0,2.31,1.0,0,0,-1
81_1000007_1__3,0,0.63,1.0,0,0,-1
1000015_1000011_1__33,0,1.76,1.0,0,0,-1
1000004_1000011_1__52,0,1.13,1.0,0,0,-1
77_129_1__2,0,1.94,1.0,0,0,-1
82_1000004_1__0,0,1.78,1.0,0,0,-1
1000005_1000004_1__15,0,1.57,1.0,0,0,-1
1000021_1000014_1__56,0,0.85,1.0,0,0,-1
81_1000013_1__4,0,2.27,1.0,0,0,-1
81_1000009_1__20,0,1.66,1.0,0,0,-1
16_1000009_1__32,0,1.93,1.0,0,0,-1
16_1000009_1__28,0,2.88,1.0,0,0,-1
1000002_1000009_1__25,0,2.25,1.0,0,0,-1
22_91_1__0,0,1.57,1.0,0,0,-1
105_1000009_1__46,0,1.47,1.0,0,0,-1
15_1000009_1__6,0,1.46,1.0,0,0,-1
23_1000002_2__13,0,2.92,1.0,0,0,-1
91_1000013_1__0,0,2.98,1.0,0,0,-1
1000000_23_2__48,0,2.62,1.0,0,0,-1
1000000_20_1__1,0,1.56,1.0,0,0,-1
1000000_23_2__36,0,1.4,1.0,0,0,-1
1000000_81_1__41,0,1.67,1.0,0,0,-1
1000000_23_2__44,0,0.71,1.0,0,0,-1
1000000_105_2__10,0,2.69,1.0,0,0,-1
1000000_23_3__13,0,2.41,1.0,0,0,-1
1000000_23_2__42,0,2.44,1.0,0,0,-1
1000000_129_1__80,0,2.11,1.0,0,0,-1
1000000_20_1__7,0,1.95,1.0,0,0,-1
1000000_17_1__122,0,2.01,1.0,0,0,-1
1000000_17_1__111,0,0.54,1.0,0,0,-1
1000000_17_1__52,0,2.5,1.0,0,0,-1
82_77_1__1,0,2.39,1.0,0,0,-1
82_1000013_1__30,0,2.25,1.0,0,0,-1
82_1000014_1__1,0,0.55,1.0,0,0,-1
82_1000013_1__0,0,1.63,1.0,0,0,-1
1000007_21_1__63,0,0.74,1.0,0,0,-1
14_1000009_1__16,0,2.09,1.0,0,0,-1
50_1000009_1__34,0,0.83,1.0,0,0,-1
1000002_1000009_1__11,0,1.17,1.0,0,0,-1
18_1000009_1__87,0,1.25,1.0,0,0,-1
18_1000009_1__72,0,2.46,1.0,0,0,-1
50_1000009_1__38,0,2.64,1.0,0,0,-1
1000002_1000009_1__39,0,1.35,1.0,0,0,-1
1000020_82_1__27,0,2.04,1.0,0,0,-1
15_1000008_1__36,0,2.89,1.0,0,0,-1
1000015_1000000_1__4,0,2.83,1.0,0,0,-1
1000014_1000000_1__3,0,1.85,1.0,0,0,-1
17_1000000_2__13,0,1.44,1.0,0,0,-1
71_1000008_1__3,0,1.58,1.0,0,0,-1
1000015_1000000_1__33,0,2.59,1.0,0,0,-1
20_1000008_1__55,0,1.39,1.0,0,0,-1
1000002_1000008_1__3,0,1.51,1.0,0,0,-1
23_1000000_1__3,0,2.0,1.0,0,0,-1
1000014_1000007_1__32,0,0.51,1.0,0,0,-1
20_1000000_1__43,0,0.68,1.0,0,0,-1
20_1000000_1__71,0,0.77,1.0,0,0,-1
1000019_19_1__76,0,2.91,1.0,0,0,-1
1000019_14_1__14,0,2.26,1.0,0,0,-1
1000019_19_1__126,0,2.52,1.0,0,0,-1
1000019_14_1__32,0,1.68,1.0,0,0,-1
1000019_14_1__24,0,2.74,1.0,0,0,-1
1000019_23_2__25,0,2.43,1.0,0,0,-1
1000019_19_1__1,0,0.74,1.0,0,0,-1
1000008_14_1__15,0,2.38,1.0,0,0,-1
93_1000002_1__31,0,1.03,1.0,0,0,-1
1000008_1000002_1__6,0,2.27,1.0,0,0,-1
1000008_21_1__36,0,2.06,1.0,0,0,-1
1000014_1000009_1__6,0,0.81,1.0,0,0,-1
71_1000000_1__41,0,0.6,1.0,0,0,-1
70_1000000_1__3,0,2.29,1.0,0,0,-1
1000021_1000013_1__76,0,2.83,1.0,0,0,-1
18_1000004_1__2,0,1.47,1.0,0,0,-1
82_1000013_1__49,0,0.99,1.0,0,0,-1
81_1000013_1__46,0,1.78,1.0,0,0,-1
81_1000013_1__9,0,1.68,1.0,0,0,-1
81_1000013_1__7,0,1.24,1.0,0,0,-1
1000021_20_1__6,0,2.1,1.0,0,0,-1
18_1000004_1__4,0,1.69,1.0,0,0,-1
77_1000014_1__9,0,2.7,1.0,0,0,-1
1000021_1000013_1__73,0,1.28,1.0,0,0,-1
77_1000013_1__19,0,2.48,1.0,0,0,-1
77_1000013_1__24,0,1.96,1.0,0,0,-1
77_70_1__1,0,2.37,1.0,0,0,-1
77_1000013_1__46,0,0.75,1.0,0,0,-1
1000021_1000014_1__26,0,1.13,1.0,0,0,-1
1000021_1000014_1__54,0,2.27,1.0,0,0,-1
81_1000014_1__14,0,2.48,1.0,0,0,-1
77_1000014_1__13,0,1.41,1.0,0,0,-1
1000021_1000014_2__1,0,2.66,1.0,0,0,-1
22_1000013_1__11,0,0.59,1.0,0,0,-1
105_1000009_2__0,0,2.07,1.0,0,0,-1
81_1000009_1__2,0,1.24,1.0,0,0,-1
77_1000009_1__5,0,1.22,1.0,0,0,-1
1000000_14_1__24,0,1.55,1.0,0,0,-1
1000000_19_1__19,0,1.48,1.0,0,0,-1
1000000_23_1__89,0,0.58,1.0,0,0,-1
1000000_14_1__26,0,2.44,1.0,0,0,-1
1000000_1000016_1__10,0,2.35,1.0,0,0,-1
1000000_19_1__0,0,2.32,1.0,0,0,-1
1000000_14_1__28,0,2.3,1.0,0,0,-1
1000000_105_2__0,0,0.7,1.0,0,0,-1
1000000_107_1__25,0,1.5,1.0,0,0,-1
1000000_1000004_1__6,0,2.2,1.0,0,0,-1
1000000_91_1__29,0,0.97,1.0,0,0,-1
1000009_19_2__89,0,2.96,1.0,0,0,-1
1000009_15_1__4,0,1.17,1.0,0,0,-1
1000009_120_1__5,0,0.67,1.0,0,0,-1
1000009_19_2__3,0,2.26,1.0,0,0,-1
105_1000008_2__4,0,1.6,1.0,0,0,-1
82_1000013_1__19,0,0.56,1.0,0,0,-1
81_1000009_1__25,0,1.8,1.0,0,0,-1
1000002_1000009_1__30,0,1.62,1.0,0,0,-1
21_1000000_1__6,0,2.26,1.0,0,0,-1
1000014_107_1__12,0,1.26,1.0,0,0,-1
1000008_82_1__2,0,0.96,1.0,0,0,-1
1000020_1000011_1__141,0,0.73,1.0,0,0,-1
1000020_1000005_1__8,0,1.84,1.0,0,0,-1
1000020_77_1__70,0,2.37,1.0,0,0,-1
23_1000000_1__60,0,1.52,1.0,0,0,-1
50_1000000_1__17,0,1.8,1.0,0,0,-1
70_1000000_1__26,0,1.75,1.0,0,0,-1
20_1000000_1__17,0,2.93,1.0,0,0,-1
22_1000008_1__27,0,0.7,1.0,0,0,-1
1000015_1000000_1__34,0,1.67,1.0,0,0,-1
1000014_1000007_1__4,0,0.94,1.0,0,0,-1
20_1000000_1__51,0,2.58,1.0,0,0,-1
20_1000000_1__56,0,2.07,1.0,0,0,-1
1000019_91_1__186,0,2.41,1.0,0,0,-1
1000019_22_2__37,0,2.46,1.0,0,0,-1
93_1000002_1__35,0,2.01,1.0,0,0,-1
70_1000009_1__0,0,2.19,1.0,0,0,-1
1000008_14_1__5,0,2.81,1.0,0,0,-1
1000005_1000013_1__47,0,1.53,1.0,0,0,-1
18_1000000_2__16,0,1.11,1.0,0,0,-1
1000007_1000004_1__8,0,2.85,1.0,0,0,-1
1000021_1000004_1__13,0,1.62,1.0,0,0,-1
1000021_1000014_1__24,0,1.82,1.0,0,0,-1
1000021_1000013_1__81,0,2.02,1.0,0,0,-1
71_1000004_1__1,0,2.84,1.0,0,0,-1
77_1000013_1__32,0,2.88,1.0,0,0,-1
1000021_1000013_1__97,0,1.57,1.0,0,0,-1
21_1000004_1__4,0,2.11,1.0,0,0,-1
128_1000004_1__0,0,0.61,1.0,0,0,-1
18_1000012_1__11,0,1.3,1.0,0,0,-1
16_1000009_1__30,0,1.02,1.0,0,0,-1
105_1000009_1__28,0,2.73,1.0,0,0,-1
106_1000009_1__3,0,2.76,1.0,0,0,-1
17_1000009_1__5,0,1.59,1.0,0,0,-1
22_1000010_1__5,0,1.3,1.0,0,0,-1
82_1000009_1__19,0,1.85,1.0,0,0,-1
22_1000008_1__63,0,0.52,1.0,0,0,-1
82_1000009_1__3,0,1.11,1.0,0,0,-1
70_1000011_1__22,0,2.09,1.0,0,0,-1
18_1000009_1__80,0,0.71,1.0,0,0,-1
17_1000009_1__0,0,1.39,1.0,0,0,-1
106_1000009_1__14,0,0.77,1.0,0,0,-1
1000000_22_2__1,0,2.39,1.0,0,0,-1
1000000_1000016_2__1,0,2.74,1.0,0,0,-1
1000000_18_1__23,0,1.43,1.0,0,0,-1
1000000_19_1__23,0,1.19,1.0,0,0,-1
1000000_14_1__40,0,1.95,1.0,0,0,-1
1000000_50_1__6,0,1.64,1.0,0,0,-1
1000000_23_1__17,0,2.65,1.0,0,0,-1
1000000_23_1__71,0,1.39,1.0,0,0,-1
1000000_17_1__40,0,1.06,1.0,0,0,-1
1000000_91_1__56,0,2.97,1.0,0,0,-1
1000000_1000005_1__3,0,1.26,1.0,0,0,-1
1000000_17_1__128,0,0.97,1.0,0,0,-1
1000009_23_2__33,0,2.57,1.0,0,0,-1
1000009_107_1__0,0,2.02,1.0,0,0,-1
1000009_22_1__20,0,1.55,1.0,0,0,-1
1000009_21_1__8,0,0.84,1.0,0,0,-1
1000009_19_2__75,0,2.26,1.0,0,0,-1
1000009_106_1__41,0,0.58,1.0,0,0,-1
1000009_19_2__98,0,0.6,1.0,0,0,-1
1000009_106_1__36,0,2.38,1.0,0,0,-1
1000009_22_2__0,0,2.64,1.0,0,0,-1
1000009_19_2__33,0,2.38,1.0,0,0,-1
1000009_19_2__95,0,2.72,1.0,0,0,-1
1000009_1000003_1__0,0,1.09,1.0,0,0,-1
1000009_91_1__7,0,0.81,1.0,0,0,-1
1000009_20_1__4,0,0.59,1.0,0,0,-1
1000009_23_2__16,0,2.13,1.0,0,0,-1
1000009_1000015_1__14,0,2.32,1.0,0,0,-1
1000009_23_2__34,0,1.16,1.0,0,0,-1
1000009_23_1__20,0,0.67,1.0,0,0,-1
1000002_1000012_1__1,0,2.08,1.0,0,0,-1
105_1000000_3__5,0,2.86,1.0,0,0,-1
1000007_16_1__40,0,1.83,1.0,0,0,-1
18_1000009_1__70,0,1.1,1.0,0,0,-1
18_1000009_1__8,0,2.36,1.0,0,0,-1
82_1000013_1__8,0,3.0,1.0,0,0,-1
82_1000013_1__55,0,1.98,1.0,0,0,-1
1000005_1000009_1__17,0,1.91,1.0,0,0,-1
22_1000007_1__11,0,1.81,1.0,0,0,-1
18_1000009_1__28,0,1.08,1.0,0,0,-1
1000005_1000009_1__8,0,1.18,1.0,0,0,-1
1000020_77_1__63,0,1.52,1.0,0,0,-1
1000014_107_1__6,0,2.73,1.0,0,0,-1
71_1000000_1__26,0,1.1,1.0,0,0,-1
1000004_1000000_1__8,0,1.46,1.0,0,0,-1
71_1000000_1__22,0,1.23,1.0,0,0,-1
1000014_1000007_1__15,0,2.1,1.0,0,0,-1
15_1000000_2__1,0,2.04,1.0,0,0,-1
1000019_21_1__33,0,1.98,1.0,0,0,-1
1000019_19_1__152,0,0.72,1.0,0,0,-1
1000019_1000007_1__16,0,1.32,1.0,0,0,-1
1000008_21_1__44,0,1.29,1.0,0,0,-1
70_1000000_1__34,0,1.74,1.0,0,0,-1
1000021_1000013_2__0,0,2.21,1.0,0,0,-1
82_1000013_1__3,0,2.92,1.0,0,0,-1
50_1000004_1__2,0,2.73,1.0,0,0,-1
82_1000014_1__4,0,0.93,1.0,0,0,-1
82_1000004_1__1,0,1.79,1.0,0,0,-1
1000021_1000004_1__47,0,2.97,1.0,0,0,-1
1000021_1000004_1__6,0,1.07,1.0,0,0,-1
81_1000004_1__4,0,1.41,1.0,0,0,-1
22_1000009_1__26,0,2.66,1.0,0,0,-1
1000014_22_3__1,0,1.84,1.0,0,0,-1
70_1000007_1__8,0,2.61,1.0,0,0,-1
14_1000009_2__11,0,2.97,1.0,0,0,-1
22_1000012_1__0,0,1.46,1.0,0,0,-1
22_1000009_1__15,0,2.35,1.0,0,0,-1
105_1000009_1__6,0,2.18,1.0,0,0,-1
16_1000009_1__75,0,1.99,1.0,0,0,-1
22_70_1__0,0,0.78,1.0,0,0,-1
1000005_19_1__1,0,2.87,1.0,0,0,-1
16_1000009_1__114,0,1.75,1.0,0,0,-1
16_1000009_1__100,0,1.06,1.0,0,0,-1
1000007_21_1__29,0,0.86,1.0,0,0,-1
22_1000008_1__14,0,1.63,1.0,0,0,-1
16_1000009_1__120,0,2.73,1.0,0,0,-1
22_1000012_1__26,0,1.81,1.0,0,0,-1
1000000_23_1__5,0,0.94,1.0,0,0,-1
1000000_105_2__19,0,1.16,1.0,0,0,-1
1000000_23_2__34,0,1.08,1.0,0,0,-1
1000000_23_2__1,0,2.75,1.0,0,0,-1
1000000_23_2__67,0,2.44,1.0,0,0,-1
1000000_1000005_1__1,0,1.97,1.0,0,0,-1
1000000_23_2__8,0,2.49,1.0,0,0,-1
1000000_18_1__11,0,2.99,1.0,0,0,-1
1000000_23_2__52,0,0.58,1.0,0,0,-1
1000000_14_1__34,0,2.66,1.0,0,0,-1
1000000_129_1__2,0,2.53,1.0,0,0,-1
1000000_17_1__134,0,2.99,1.0,0,0,-1
1000000_1000015_1__18,0,2.61,1.0,0,0,-1
1000000_105_2__1,0,0.96,1.0,0,0,-1
1000000_91_1__27,0,1.61,1.0,0,0,-1
1000000_17_1__119,0,1.98,1.0,0,0,-1
1000000_1000015_1__21,0,0.69,1.0,0,0,-1
1000000_20_1__26,0,1.14,1.0,0,0,-1
1000000_19_1__39,0,0.71,1.0,0,0,-1
1000009_120_1__11,0,2.67,1.0,0,0,-1
1000009_21_1__41,0,2.45,1.0,0,0,-1
1000009_21_1__26,0,2.94,1.0,0,0,-1
1000009_19_2__7,0,1.06,1.0,0,0,-1
1000009_22_2__28,0,2.31,1.0,0,0,-1
1000009_23_1__47,0,1.45,1.0,0,0,-1
1000009_91_2__35,0,1.11,1.0,0,0,-1
1000009_1000003_1__13,0,2.88,1.0,0,0,-1
1000009_23_2__40,0,1.21,1.0,0,0,-1
82_1000013_1__14,0,1.4,1.0,0,0,-1
82_1000013_1__25,0,1.42,1.0,0,0,-1
50_1000009_1__66,0,0.69,1.0,0,0,-1
1000005_1000009_1__23,0,1.11,1.0,0,0,-1
16_1000009_1__109,0,1.67,1.0,0,0,-1
16_1000009_1__2,0,0.88,1.0,0,0,-1
21_1000010_1__0,0,2.36,1.0,0,0,-1
1000005_16_1__2,0,2.32,1.0,0,0,-1
1000015_1000000_1__3,0,0.53,1.0,0,0,-1
15_1000000_1__0,0,0.96,1.0,0,0,-1
1000008_18_1__24,0,1.55,1.0,0,0,-1
1000021_107_2__11,0,2.24,1.0,0,0,-1
1000021_1000013_1__69,0,2.66,1.0,0,0,-1
82_1000000_1__37,0,2.94,1.0,0,0,-1
1000005_1000004_1__19,0,2.38,1.0,0,0,-1
1000021_1000004_1__25,0,1.2,1.0,0,0,-1
1000021_70_1__0,0,2.09,1.0,0,0,-1
1000005_1000004_1__3,0,0.61,1.0,0,0,-1
1000002_1000010_1__19,0,2.45,1.0,0,0,-1
82_1000000_1__35,0,2.9,1.0,0,0,-1
1000021_1000014_1__21,0,1.19,1.0,0,0,-1
1000005_1000013_1__127,0,1.98,1.0,0,0,-1
18_1000013_1__7,0,1.16,1.0,0,0,-1
1000002_91_1__5,0,2.27,1.0,0,0,-1
1000005_1000013_1__137,0,1.51,1.0,0,0,-1
22_1000009_1__32,0,0.59,1.0,0,0,-1
1000002_19_1__6,0,1.61,1.0,0,0,-1
22_1000008_1__43,0,1.79,1.0,0,0,-1
1000021_1000009_1__22,0,1.35,1.0,0,0,-1
70_1000007_1__4,0,2.66,1.0,0,0,-1
22_1000008_1__10,0,1.39,1.0,0,0,-1
1000005_1000009_1__4,0,1.15,1.0,0,0,-1
81_1000009_1__10,0,2.67,1.0,0,0,-1
16_1000009_1__1,0,0.54,1.0,0,0,-1
1000000_20_1__47,0,2.07,1.0,0,0,-1
1000000_120_1__15,0,0.56,1.0,0,0,-1
1000000_22_2__3,0,1.3,1.0,0,0,-1
1000000_23_1__40,0,1.22,1.0,0,0,-1
1000000_50_1__17,0,1.98,1.0,0,0,-1
1000000_22_1__39,0,2.75,1.0,0,0,-1
1000000_14_1__18,0,2.01,1.0,0,0,-1
1000000_15_1__8,0,1.0,1.0,0,0,-1
1000000_17_1__142,0,0.63,1.0,0,0,-1
1000000_17_1__78,0,1.6,1.0,0,0,-1
1000000_107_1__17,0,1.11,1.0,0,0,-1
1000000_17_1__96,0,2.98,1.0,0,0,-1
1000000_91_1__19,0,0.67,1.0,0,0,-1
1000000_17_1__74,0,0.98,1.0,0,0,-1
1000000_15_1__18,0,2.29,1.0,0,0,-1
1000000_20_1__21,0,2.12,1.0,0,0,-1
14_1000009_1__20,0,2.28,1.0,0,0,-1
1000002_1000009_1__81,0,1.67,1.0,0,0,-1
82_1000009_1__29,0,2.86,1.0,0,0,-1
1000005_1000013_1__34,0,1.21,1.0,0,0,-1
1000005_77_1__15,0,1.84,1.0,0,0,-1
1000005_1000013_1__103,0,2.07,1.0,0,0,-1
1000005_1000013_1__81,0,1.61,1.0,0,0,-1
23_1000000_1__13,0,0.51,1.0,0,0,-1
15_1000008_1__38,0,2.12,1.0,0,0,-1
20_1000008_1__24,0,2.48,1.0,0,0,-1
16_1000000_1__13,0,1.03,1.0,0,0,-1
15_1000000_1__16,0,2.16,1.0,0,0,-1
71_1000000_1__6,0,2.97,1.0,0,0,-1
1000020_1000000_1__94,0,1.3,1.0,0,0,-1
93_18_1__3,0,1.02,1.0,0,0,-1
93_1000002_1__14,0,2.39,1.0,0,0,-1
1000008_105_2__10,0,2.12,1.0,0,0,-1
1000008_1000002_1__41,0,2.12,1.0,0,0,-1
1000021_1000013_1__19,0,1.94,1.0,0,0,-1
1000005_1000013_1__134,0,0.76,1.0,0,0,-1
82_1000013_1__51,0,0.78,1.0,0,0,-1
82_1000014_1__7,0,1.03,1.0,0,0,-1
81_91_1__2,0,2.4,1.0,0,0,-1
1000021_1000004_1__44,0,1.5,1.0,0,0,-1
1000021_107_2__1,0,1.93,1.0,0,0,-1
22_1000012_1__12,0,1.72,1.0,0,0,-1
22_1000008_1__68,0,2.68,1.0,0,0,-1
105_1000009_1__42,0,1.62,1.0,0,0,-1
82_1000009_1__25,0,1.39,1.0,0,0,-1
22_1000000_1__25,0,0.93,1.0,0,0,-1
1000014_1000007_1__21,0,1.82,1.0,0,0,-1
1000000_91_1__34,0,2.92,1.0,0,0,-1
1000000_106_1__5,0,2.82,1.0,0,0,-1
1000000_22_2__7,0,2.76,1.0,0,0,-1
1000000_50_1__10,0,1.25,1.0,0,0,-1
1000000_23_1__81,0,1.21,1.0,0,0,-1
1000000_120_1__1,0,1.25,1.0,0,0,-1
1000000_120_1__10,0,0.84,1.0,0,0,-1
1000000_22_2__11,0,1.86,1.0,0,0,-1
1000000_23_1__49,0,2.99,1.0,0,0,-1
1000000_105_2__13,0,1.39,1.0,0,0,-1
1000000_23_1__87,0,2.1,1.0,0,0,-1
1000000_20_1__35,0,2.43,1.0,0,0,-1
1000000_107_1__28,0,2.27,1.0,0,0,-1
1000000_20_1__4,0,2.04,1.0,0,0,-1
1000000_1000004_1__9,0,1.68,1.0,0,0,-1
1000000_17_1__12,0,0.56,1.0,0,0,-1
1000000_91_1__4,0,2.19,1.0,0,0,-1
81_14_2__1,0,2.27,1.0,0,0,-1
81_1000009_1__6,0,1.04,1.0,0,0,-1
21_1000000_1__16,0,2.66,1.0,0,0,-1
20_19_2__0,0,0.78,1.0,0,0,-1
19_1000008_1__21,0,2.06,1.0,0,0,-1
106_1000008_2__25,0,2.28,1.0,0,0,-1
15_1000008_1__2,0,2.55,1.0,0,0,-1
1000002_1000010_1__20,0,1.07,1.0,0,0,-1
71_1000000_1__33,0,2.59,1.0,0,0,-1
50_1000000_1__41,0,1.92,1.0,0,0,-1
20_1000000_1__91,0,1.03,1.0,0,0,-1
20_1000000_1__89,0,2.35,1.0,0,0,-1
1000002_1000000_1__2,0,2.42,1.0,0,0,-1
50_1000000_1__29,0,2.64,1.0,0,0,-1
14_1000000_1__0,0,1.19,1.0,0,0,-1
106_1000000_2__3,0,0.59,1.0,0,0,-1
1000019_50_1__27,0,1.04,1.0,0,0,-1
1000019_107_1__13,0,2.49,1.0,0,0,-1
1000019_1000007_1__39,0,0.5,1.0,0,0,-1
19_1000000_1__21,0,1.79,1.0,0,0,-1
81_1000011_1__20,0,0.62,1.0,0,0,-1
17_1000007_2__15,0,2.16,1.0,0,0,-1
17_1000011_1__4,0,0.88,1.0,0,0,-1
1000021_70_1__4,0,2.86,1.0,0,0,-1
81_17_2__0,0,2.71,1.0,0,0,-1
81_1000014_1__21,0,1.44,1.0,0,0,-1
1000021_1000013_1__38,0,2.52,1.0,0,0,-1
77_1000013_1__30,0,0.54,1.0,0,0,-1
77_70_1__3,0,1.75,1.0,0,0,-1
105_1000004_1__2,0,2.54,1.0,0,0,-1
16_1000004_1__11,0,1.62,1.0,0,0,-1
81_1000000_1__10,0,2.91,1.0,0,0,-1
81_1000013_1__5,0,0.56,1.0,0,0,-1
105_70_2__0,0,1.88,1.0,0,0,-1
1000021_20_1__7,0,2.52,1.0,0,0,-1
22_1000008_1__36,0,1.85,1.0,0,0,-1
22_1000000_1__15,0,0.95,1.0,0,0,-1
22_1000008_1__28,0,2.68,1.0,0,0,-1
22_1000008_1__41,0,0.81,1.0,0,0,-1
22_1000012_1__17,0,1.47,1.0,0,0,-1
22_1000009_1__41,0,2.62,1.0,0,0,-1
22_1000008_1__73,0,2.99,1.0,0,0,-1
82_1000009_1__17,0,2.98,1.0,0,0,-1
18_1000009_1__7,0,0.8,1.0,0,0,-1
16_1000009_1__14,0,1.39,1.0,0,0,-1
22_1000008_1__9,0,2.07,1.0,0,0,-1
1000021_1000009_1__21,0,1.42,1.0,0,0,-1
82_1000009_1__16,0,0.67,1.0,0,0,-1
22_1000008_1__74,0,1.99,1.0,0,0,-1
82_19_1__5,0,1.79,1.0,0,0,-1
1000000_120_1__12,0,1.76,1.0,0,0,-1
1000008_21_1__7,0,2.23,1.0,0,0,-1
1000000_23_2__0,0,1.9,1.0,0,0,-1
1000000_16_1__13,0,2.63,1.0,0,0,-1
1000000_14_1__5,0,0.78,1.0,0,0,-1
1000000_18_1__8,0,2.19,1.0,0,0,-1
1000000_19_1__46,0,1.67,1.0,0,0,-1
1000000_22_2__14,0,1.55,1.0,0,0,-1
1000000_22_1__42,0,0.99,1.0,0,0,-1
1000000_23_1__25,0,0.67,1.0,0,0,-1
1000000_17_1__54,0,2.29,1.0,0,0,-1
1000000_17_1__6,0,0.56,1.0,0,0,-1
1000000_17_1__140,0,2.17,1.0,0,0,-1
1000000_91_1__5,0,2.21,1.0,0,0,-1
1000000_15_1__9,0,2.82,1.0,0,0,-1
1000000_91_1__30,0,1.63,1.0,0,0,-1
1000005_1000013_1__124,0,2.61,1.0,0,0,-1
1000005_1000013_1__101,0,2.72,1.0,0,0,-1
1000005_1000013_1__95,0,1.79,1.0,0,0,-1
1000005_1000009_1__6,0,2.54,1.0,0,0,-1
50_1000009_1__31,0,0.91,1.0,0,0,-1
19_1000002_1__58,0,1.04,1.0,0,0,-1
23_1000000_1__58,0,0.97,1.0,0,0,-1
19_1000009_1__41,0,2.16,1.0,0,0,-1
1000005_1000013_1__10,0,1.69,1.0,0,0,-1
1000005_1000014_1__6,0,1.55,1.0,0,0,-1
1000005_1000013_1__5,0,2.19,1.0,0,0,-1
1000005_91_1__14,0,2.9,1.0,0,0,-1
1000005_1000013_1__41,0,2.73,1.0,0,0,-1
1000005_1000013_1__108,0,0.54,1.0,0,0,-1
1000005_1000013_1__114,0,2.99,1.0,0,0,-1
1000005_1000004_1__7,0,1.82,1.0,0,0,-1
1000002_1000008_1__1,0,2.71,1.0,0,0,-1
20_1000008_1__51,0,1.84,1.0,0,0,-1
15_1000000_2__3,0,2.0,1.0,0,0,-1
15_1000008_1__13,0,1.35,1.0,0,0,-1
20_1000008_1__57,0,1.23,1.0,0,0,-1
20_1000000_1__35,0,0.53,1.0,0,0,-1
15_1000000_2__6,0,0.5,1.0,0,0,-1
1000019_1000007_1__2,0,0.6,1.0,0,0,-1
20_1000000_1__93,0,2.67,1.0,0,0,-1
1000019_50_1__36,0,0.7,1.0,0,0,-1
1000019_107_1__37,0,0.72,1.0,0,0,-1
1000019_106_1__0,0,1.53,1.0,0,0,-1
71_1000000_1__13,0,1.66,1.0,0,0,-1
81_1000007_1__6,0,2.13,1.0,0,0,-1
70_1000011_1__3,0,1.45,1.0,0,0,-1
17_1000011_1__6,0,1.27,1.0,0,0,-1
70_1000011_1__13,0,2.38,1.0,0,0,-1
1000015_1000011_1__65,0,1.76,1.0,0,0,-1
18_1000013_1__11,0,1.09,1.0,0,0,-1
22_1000008_1__49,0,1.16,1.0,0,0,-1
22_1000000_1__4,0,1.35,1.0,0,0,-1
22_1000000_1__10,0,0.56,1.0,0,0,-1
22_1000009_1__18,0,1.47,1.0,0,0,-1
22_19_1__3,0,1.8,1.0,0,0,-1
22_1000000_1__19,0,1.86,1.0,0,0,-1
22_1000000_1__13,0,1.15,1.0,0,0,-1
22_19_1__0,0,1.05,1.0,0,0,-1
22_1000008_1__15,0,2.25,1.0,0,0,-1
22_1000008_1__56,0,2.06,1.0,0,0,-1
22_1000009_1__28,0,1.95,1.0,0,0,-1
22_1000000_1__12,0,2.63,1.0,0,0,-1
22_1000013_1__10,0,0.97,1.0,0,0,-1
22_1000008_1__35,0,2.26,1.0,0,0,-1
1000000_23_1__22,0,2.63,1.0,0,0,-1
1000000_129_1__78,0,0.52,1.0,0,0,-1
1000000_14_1__74,0,2.97,1.0,0,0,-1
1000000_22_1__24,0,1.76,1.0,0,0,-1
1000000_23_1__32,0,1.46,1.0,0,0,-1
1000000_81_1__2,0,2.24,1.0,0,0,-1
1000000_23_3__12,0,0.56,1.0,0,0,-1
1000000_20_1__12,0,1.47,1.0,0,0,-1
1000000_17_1__16,0,2.1,1.0,0,0,-1
1000000_82_1__21,0,2.64,1.0,0,0,-1
1000000_20_1__34,0,1.48,1.0,0,0,-1
1000000_1000016_1__1,0,2.08,1.0,0,0,-1
1000000_91_1__0,0,2.99,1.0,0,0,-1
1000000_17_1__145,0,2.09,1.0,0,0,-1
1000000_107_1__29,0,2.37,1.0,0,0,-1
1000000_17_1__94,0,0.93,1.0,0,0,-1
1000000_77_1__1,0,2.2,1.0,0,0,-1
50_1000009_1__80,0,0.65,1.0,0,0,-1
14_1000009_1__3,0,3.0,1.0,0,0,-1
105_1000009_1__37,0,2.18,1.0,0,0,-1
1000002_21_2__1,0,1.7,1.0,0,0,-1
14_1000009_1__27,0,2.0,1.0,0,0,-1
1000020_1000016_1__10,0,2.63,1.0,0,0,-1
71_105_2__0,0,1.9,1.0,0,0,-1
20_1000008_1__6,0,2.87,1.0,0,0,-1
15_1000008_1__35,0,1.39,1.0,0,0,-1
20_1000008_1__92,0,1.88,1.0,0,0,-1
16_91_1__4,0,1.37,1.0,0,0,-1
15_1000008_1__23,0,2.69,1.0,0,0,-1
20_1000008_1__82,0,1.59,1.0,0,0,-1
20_1000008_1__14,0,2.3,1.0,0,0,-1
20_1000009_1__6,0,2.33,1.0,0,0,-1
106_1000000_2__4,0,1.91,1.0,0,0,-1
16_1000000_1__29,0,2.27,1.0,0,0,-1
70_1000000_1__5,0,2.84,1.0,0,0,-1
71_1000000_1__35,0,1.64,1.0,0,0,-1
1000019_19_1__129,0,1.0,1.0,0,0,-1
1000019_23_1__17,0,2.09,1.0,0,0,-1
1000019_22_2__56,0,0.75,1.0,0,0,-1
1000019_19_1__107,0,0.93,1.0,0,0,-1
1000019_23_1__33,0,0.64,1.0,0,0,-1
1000019_1000007_1__79,0,1.4,1.0,0,0,-1
1000019_15_1__55,0,2.36,1.0,0,0,-1
1000019_21_2__23,0,2.71,1.0,0,0,-1
1000019_1000007_1__37,0,2.54,1.0,0,0,-1
1000019_1000005_1__0,0,2.12,1.0,0,0,-1
1000019_81_1__29,0,2.04,1.0,0,0,-1
92_21_1__0,0,2.09,1.0,0,0,-1
1000021_1000004_1__17,0,1.4,1.0,0,0,-1
1000021_70_1__22,0,2.11,1.0,0,0,-1
81_1000004_1__3,0,0.54,1.0,0,0,-1
82_1000013_1__32,0,2.29,1.0,0,0,-1
81_1000013_1__47,0,2.69,1.0,0,0,-1
1000021_1000014_2__7,0,1.79,1.0,0,0,-1
21_1000004_1__2,0,1.94,1.0,0,0,-1
105_1000013_1__43,0,1.36,1.0,0,0,-1
50_1000013_1__8,0,2.63,1.0,0,0,-1
18_19_1__0,0,1.47,1.0,0,0,-1
82_1000013_1__5,0,1.9,1.0,0,0,-1
18_1000009_1__83,0,1.18,1.0,0,0,-1
1000021_70_1__21,0,1.69,1.0,0,0,-1
1000021_1000013_1__98,0,1.11,1.0,0,0,-1
81_1000013_1__30,0,2.9,1.0,0,0,-1
82_1000000_1__12,0,1.57,1.0,0,0,-1
81_17_1__3,0,1.3,1.0,0,0,-1
1000005_1000013_1__24,0,2.21,1.0,0,0,-1
77_129_1__0,0,1.29,1.0,0,0,-1
81_20_1__2,0,2.65,1.0,0,0,-1
1000021_1000013_2__9,0,0.98,1.0,0,0,-1
22_1000000_1__7,0,1.7,1.0,0,0,-1
22_1000008_1__61,0,2.38,1.0,0,0,-1
22_1000008_1__13,0,2.84,1.0,0,0,-1
22_1000013_1__12,0,2.86,1.0,0,0,-1
22_1000009_1__33,0,0.55,1.0,0,0,-1
22_1000000_1__23,0,0.89,1.0,0,0,-1
1000000_50_1__29,0,2.12,1.0,0,0,-1
1000000_22_1__37,0,1.21,1.0,0,0,-1
1000000_14_1__22,0,1.44,1.0,0,0,-1
1000000_120_1__32,0,2.85,1.0,0,0,-1
1000000_128_1__1,0,1.05,1.0,0,0,-1
1000000_107_2__6,0,1.42,1.0,0,0,-1
1000000_22_2__4,0,2.82,1.0,0,0,-1
1000000_18_1__16,0,1.1,1.0,0,0,-1
1000000_1000005_1__21,0,0.74,1.0,0,0,-1
1000000_20_1__30,0,1.4,1.0,0,0,-1
1000000_17_1__120,0,1.3,1.0,0,0,-1
1000000_1000004_1__19,0,1.55,1.0,0,0,-1
1000000_17_1__88,0,2.41,1.0,0,0,-1
1000000_20_1__27,0,1.3,1.0,0,0,-1
1000000_15_1__11,0,2.56,1.0,0,0,-1
1000000_20_1__42,0,0.84,1.0,0,0,-1
1000002_91_2__7,0,1.64,1.0,0,0,-1
1000021_23_1__2,0,2.38,1.0,0,0,-1
16_1000009_1__5,0,2.0,1.0,0,0,-1
15_1000000_1__17,0,1.8,1.0,0,0,-1
20_1000000_1__22,0,1.39,1.0,0,0,-1
1000014_21_1__5,0,2.55,1.0,0,0,-1
20_1000000_1__68,0,0.63,1.0,0,0,-1
20_1000000_1__16,0,0.73,1.0,0,0,-1
70_1000000_1__4,0,0.7,1.0,0,0,-1
20_1000000_1__62,0,2.18,1.0,0,0,-1
1000019_23_3__32,0,2.55,1.0,0,0,-1
1000019_1000009_1__0,0,0.88,1.0,0,0,-1
1000019_18_3__0,0,1.5,1.0,0,0,-1
1000019_107_1__62,0,2.24,1.0,0,0,-1
1000019_1000009_1__20,0,2.92,1.0,0,0,-1
1000019_1000007_1__93,0,2.41,1.0,0,0,-1
1000019_107_1__60,0,0.61,1.0,0,0,-1
1000019_129_1__10,0,1.07,1.0,0,0,-1
1000019_106_1__36,0,0.62,1.0,0,0,-1
1000019_129_1__16,0,1.65,1.0,0,0,-1
1000019_107_1__5,0,0.89,1.0,0,0,-1
1000019_50_1__35,0,1.61,1.0,0,0,-1
1000019_21_2__36,0,1.58,1.0,0,0,-1
1000019_50_1__49,0,0.94,1.0,0,0,-1
70_1000011_1__17,0,1.73,1.0,0,0,-1
1000002_1000009_1__56,0,1.53,1.0,0,0,-1
22_1000012_1__8,0,1.16,1.0,0,0,-1
82_1000009_1__41,0,2.62,1.0,0,0,-1
22_1000008_1__3,0,2.05,1.0,0,0,-1
22_1000013_1__1,0,2.38,1.0,0,0,-1
22_1000000_1__11,0,2.51,1.0,0,0,-1
22_1000009_1__37,0,0.81,1.0,0,0,-1
22_1000008_1__6,0,2.47,1.0,0,0,-1
22_1000000_1__26,0,1.31,1.0,0,0,-1
22_70_1__1,0,2.73,1.0,0,0,-1
1000000_129_1__81,0,2.04,1.0,0,0,-1
1000000_120_1__37,0,0.6,1.0,0,0,-1
1000000_19_1__10,0,2.57,1.0,0,0,-1
1000000_105_1__14,0,2.8,1.0,0,0,-1
1000000_50_1__38,0,1.24,1.0,0,0,-1
1000000_14_1__7,0,2.99,1.0,0,0,-1
1000000_23_2__43,0,1.69,1.0,0,0,-1
1000000_105_2__8,0,2.85,1.0,0,0,-1
1000000_50_1__25,0,0.68,1.0,0,0,-1
1000000_16_1__16,0,2.1,1.0,0,0,-1
1000000_91_1__3,0,1.6,1.0,0,0,-1
1000000_81_1__28,0,1.38,1.0,0,0,-1
1000000_1000004_1__23,0,2.5,1.0,0,0,-1
1000000_129_1__70,0,2.49,1.0,0,0,-1
1000000_129_1__56,0,0.95,1.0,0,0,-1
1000000_17_1__29,0,0.64,1.0,0,0,-1
1000000_107_1__22,0,0.55,1.0,0,0,-1
16_1000009_1__42,0,0.7,1.0,0,0,-1
82_1000009_1__23,0,1.51,1.0,0,0,-1
50_1000009_1__43,0,1.12,1.0,0,0,-1
50_1000009_1__37,0,1.24,1.0,0,0,-1
20_1000008_1__72,0,2.59,1.0,0,0,-1
20_1000008_1__113,0,2.71,1.0,0,0,-1
20_1000000_1__46,0,1.31,1.0,0,0,-1
106_1000000_2__8,0,0.68,1.0,0,0,-1
20_1000000_1__81,0,1.0,1.0,0,0,-1
20_1000000_1__66,0,1.52,1.0,0,0,-1
1000019_50_1__26,0,1.06,1.0,0,0,-1
1000019_15_1__106,0,1.21,1.0,0,0,-1
1000019_106_1__39,0,1.59,1.0,0,0,-1
1000019_15_1__31,0,2.62,1.0,0,0,-1
1000019_1000007_1__87,0,1.01,1.0,0,0,-1
1000019_107_1__48,0,2.92,1.0,0,0,-1
1000019_1000009_1__50,0,0.84,1.0,0,0,-1
1000019_82_1__1,0,2.68,1.0,0,0,-1
1000015_1000000_1__19,0,1.3,1.0,0,0,-1
77_1000007_1__17,0,0.81,1.0,0,0,-1
1000004_1000011_1__11,0,1.59,1.0,0,0,-1
71_1000011_1__1,0,2.03,1.0,0,0,-1
22_1000013_1__6,0,2.82,1.0,0,0,-1
1000000_14_1__56,0,2.34,1.0,0,0,-1
1000000_23_1__19,0,1.68,1.0,0,0,-1
1000000_120_1__16,0,2.84,1.0,0,0,-1
1000000_23_3__4,0,1.72,1.0,0,0,-1
1000000_23_1__43,0,2.2,1.0,0,0,-1
1000000_19_1__17,0,1.38,1.0,0,0,-1
1000000_14_1__41,0,2.5,1.0,0,0,-1
1000000_82_1__4,0,2.41,1.0,0,0,-1
1000000_107_1__6,0,0.99,1.0,0,0,-1
1000000_17_1__107,0,2.95,1.0,0,0,-1
1000000_17_1__95,0,2.0,1.0,0,0,-1
1000000_81_1__12,0,1.18,1.0,0,0,-1
1000000_1000015_1__1,0,0.75,1.0,0,0,-1
1000000_1000015_1__22,0,2.98,1.0,0,0,-1
1000000_82_1__3,0,1.3,1.0,0,0,-1
1000000_91_1__46,0,2.58,1.0,0,0,-1
1000000_1000015_1__32,0,2.96,1.0,0,0,-1
50_23_1__10,0,1.01,1.0,0,0,-1
71_1000000_1__36,0,1.0,1.0,0,0,-1
106_1000008_2__1,0,2.93,1.0,0,0,-1
20_1000008_1__26,0,2.4,1.0,0,0,-1
20_1000008_1__56,0,1.94,1.0,0,0,-1
17_1000000_1__22,0,0.83,1.0,0,0,-1
71_1000000_1__43,0,2.58,1.0,0,0,-1
20_1000008_1__114,0,1.38,1.0,0,0,-1
22_1000008_1__34,0,1.26,1.0,0,0,-1
1000015_1000000_1__41,0,1.59,1.0,0,0,-1
105_1000000_2__5,0,0.76,1.0,0,0,-1
1000014_1000007_1__7,0,2.52,1.0,0,0,-1
15_1000000_1__18,0,0.8,1.0,0,0,-1
1000014_21_1__1,0,2.85,1.0,0,0,-1
70_21_1__0,0,1.5,1.0,0,0,-1
1000019_107_1__25,0,2.24,1.0,0,0,-1
1000019_107_1__10,0,1.51,1.0,0,0,-1
1000019_21_2__3,0,1.69,1.0,0,0,-1
1000019_1000007_1__23,0,1.11,1.0,0,0,-1
1000019_15_1__88,0,2.76,1.0,0,0,-1
1000019_1000007_1__58,0,2.6,1.0,0,0,-1
71_1000011_1__27,0,2.81,1.0,0,0,-1
81_1000013_1__25,0,1.53,1.0,0,0,-1
1000021_1000013_1__21,0,0.66,1.0,0,0,-1
1000021_70_1__12,0,1.58,1.0,0,0,-1
81_1000014_1__4,0,0.84,1.0,0,0,-1
81_1000014_1__19,0,1.29,1.0,0,0,-1
81_1000013_1__53,0,2.6,1.0,0,0,-1
82_19_1__3,0,2.2,1.0,0,0,-1
1000021_70_1__18,0,1.39,1.0,0,0,-1
1000021_1000014_1__44,0,0.58,1.0,0,0,-1
81_1000013_1__45,0,0.75,1.0,0,0,-1
1000021_1000004_1__12,0,2.69,1.0,0,0,-1
1000021_1000014_1__23,0,1.32,1.0,0,0,-1
1000000_20_1__5,0,1.76,1.0,0,0,-1
1000000_23_2__24,0,2.07,1.0,0,0,-1
1000000_22_2__26,0,1.78,1.0,0,0,-1
1000000_1000005_1__20,0,1.86,1.0,0,0,-1
1000000_77_1__11,0,0.82,1.0,0,0,-1
1000000_23_2__62,0,1.89,1.0,0,0,-1
1000000_19_1__13,0,2.86,1.0,0,0,-1
1000000_15_1__12,0,1.17,1.0,0,0,-1
1000000_22_1__0,0,2.84,1.0,0,0,-1
1000000_1000004_1__30,0,1.63,1.0,0,0,-1
1000000_81_1__40,0,2.25,1.0,0,0,-1
1000000_81_1__27,0,2.42,1.0,0,0,-1
1000000_1000015_1__15,0,2.63,1.0,0,0,-1
1000000_129_1__61,0,2.26,1.0,0,0,-1
1000000_20_1__29,0,1.23,1.0,0,0,-1
1000009_16_1__2,0,2.57,1.0,0,0,-1
18_1000000_2__21,0,2.09,1.0,0,0,-1
82_1000009_1__12,0,1.47,1.0,0,0,-1
16_1000009_1__48,0,1.79,1.0,0,0,-1
20_1000000_1__85,0,1.26,1.0,0,0,-1
20_1000008_1__73,0,2.93,1.0,0,0,-1
20_1000008_1__35,0,0.98,1.0,0,0,-1
20_1000008_1__116,0,1.21,1.0,0,0,-1
22_1000008_1__42,0,0.9,1.0,0,0,-1
106_1000008_2__6,0,1.07,1.0,0,0,-1
106_1000008_1__5,0,2.96,1.0,0,0,-1
17_1000008_1__16,0,1.65,1.0,0,0,-1
1000009_1000010_1__8,0,0.67,1.0,0,0,-1
15_1000008_1__30,0,0.96,1.0,0,0,-1
20_1000000_1__36,0,1.47,1.0,0,0,-1
20_1000000_1__88,0,0.94,1.0,0,0,-1
23_1000000_1__73,0,0.52,1.0,0,0,-1
22_1000000_1__3,0,1.26,1.0,0,0,-1
82_1000000_1__14,0,1.13,1.0,0,0,-1
1000019_17_1__38,0,2.08,1.0,0,0,-1
1000019_107_1__59,0,0.88,1.0,0,0,-1
1000019_1000007_1__60,0,0.51,1.0,0,0,-1
1000019_1000000_1__3,0,1.7,1.0,0,0,-1
1000019_15_1__64,0,0.85,1.0,0,0,-1
1000019_1000000_1__15,0,1.41,1.0,0,0,-1
1000019_1000004_1__5,0,2.48,1.0,0,0,-1
1000019_18_3__2,0,2.4,1.0,0,0,-1
23_1000000_1__5,0,1.35,1.0,0,0,-1
70_1000000_1__6,0,1.16,1.0,0,0,-1
1000021_1000009_1__12,0,2.59,1.0,0,0,-1
1000000_23_1__2,0,2.72,1.0,0,0,-1
1000000_23_3__17,0,1.28,1.0,0,0,-1
1000000_16_1__3,0,1.36,1.0,0,0,-1
1000000_18_1__40,0,1.12,1.0,0,0,-1
1000000_50_1__11,0,1.74,1.0,0,0,-1
1000000_1000005_1__35,0,2.94,1.0,0,0,-1
1000000_120_1__44,0,2.94,1.0,0,0,-1
1000000_23_2__49,0,0.66,1.0,0,0,-1
1000000_1000002_1__0,0,0.68,1.0,0,0,-1
1000000_22_1__21,0,1.75,1.0,0,0,-1
1000000_20_1__11,0,2.16,1.0,0,0,-1
1000000_81_1__21,0,2.76,1.0,0,0,-1
1000000_1000015_1__13,0,0.82,1.0,0,0,-1
1000000_17_1__46,0,2.18,1.0,0,0,-1
1000009_22_2__24,0,0.81,1.0,0,0,-1
1000009_1000015_1__16,0,2.62,1.0,0,0,-1
1000009_23_1__32,0,1.12,1.0,0,0,-1
1000009_14_1__3,0,0.74,1.0,0,0,-1
1000009_19_1__1,0,1.27,1.0,0,0,-1
1000009_22_1__1,0,2.63,1.0,0,0,-1
1000009_1000010_1__7,0,1.0,1.0,0,0,-1
1000009_19_2__10,0,2.64,1.0,0,0,-1
1000009_91_2__29,0,2.89,1.0,0,0,-1
1000009_106_1__5,0,1.95,1.0,0,0,-1
1000009_106_1__10,0,1.99,1.0,0,0,-1
1000009_23_1__70,0,1.53,1.0,0,0,-1
1000009_22_2__1,0,1.76,1.0,0,0,-1
1000009_16_1__20,0,2.31,1.0,0,0,-1
1000009_91_2__14,0,1.07,1.0,0,0,-1
1000009_19_2__44,0,1.15,1.0,0,0,-1
105_1000000_3__1,0,1.69,1.0,0,0,-1
50_23_1__0,0,1.51,1.0,0,0,-1
106_1000007_1__12,0,2.99,1.0,0,0,-1
1000005_1000003_1__3,0,1.99,1.0,0,0,-1
20_1000000_1__45,0,2.64,1.0,0,0,-1
20_1000008_1__103,0,2.97,1.0,0,0,-1
20_1000000_1__95,0,0.57,1.0,0,0,-1
15_1000008_1__41,0,1.63,1.0,0,0,-1
20_1000000_1__59,0,2.76,1.0,0,0,-1
20_1000000_1__37,0,1.97,1.0,0,0,-1
1000019_107_1__18,0,2.37,1.0,0,0,-1
1000019_106_1__6,0,0.77,1.0,0,0,-1
1000019_106_1__30,0,2.54,1.0,0,0,-1
1000019_21_2__19,0,0.82,1.0,0,0,-1
1000019_15_1__128,0,2.95,1.0,0,0,-1
1000019_81_1__13,0,1.58,1.0,0,0,-1
1000019_106_1__8,0,1.56,1.0,0,0,-1
1000019_18_3__1,0,2.25,1.0,0,0,-1
1000019_120_2__1,0,2.98,1.0,0,0,-1
1000019_16_1__0,0,0.65,1.0,0,0,-1
1000019_106_1__5,0,2.84,1.0,0,0,-1
70_1000011_1__23,0,2.75,1.0,0,0,-1
1000021_1000014_1__39,0,0.76,1.0,0,0,-1
1000021_1000004_2__2,0,1.2,1.0,0,0,-1
82_1000009_1__5,0,0.97,1.0,0,0,-1
1000021_1000003_1__12,0,1.41,1.0,0,0,-1
18_1000004_1__5,0,2.1,1.0,0,0,-1
1000002_1000009_1__59,0,2.31,1.0,0,0,-1
105_1000013_1__31,0,0.78,1.0,0,0,-1
1000000_81_1__6,0,1.24,1.0,0,0,-1
1000000_16_1__8,0,0.85,1.0,0,0,-1
1000000_50_1__3,0,2.64,1.0,0,0,-1
1000000_14_1__55,0,1.82,1.0,0,0,-1
1000000_23_2__68,0,1.14,1.0,0,0,-1
1000000_23_1__26,0,1.45,1.0,0,0,-1
1000000_22_1__11,0,2.64,1.0,0,0,-1
1000000_50_1__7,0,0.69,1.0,0,0,-1
1000000_105_1__21,0,1.38,1.0,0,0,-1
1000000_17_1__4,0,2.92,1.0,0,0,-1
1000000_106_1__0,0,2.9,1.0,0,0,-1
1000000_91_1__24,0,0.97,1.0,0,0,-1
1000000_77_1__9,0,1.93,1.0,0,0,-1
1000000_1000004_1__20,0,1.64,1.0,0,0,-1
1000000_81_1__13,0,2.08,1.0,0,0,-1
1000000_107_2__1,0,2.24,1.0,0,0,-1
1000009_23_1__63,0,2.66,1.0,0,0,-1
1000009_23_2__54,0,0.65,1.0,0,0,-1
1000009_19_2__108,0,0.77,1.0,0,0,-1
1000009_19_2__14,0,2.37,1.0,0,0,-1
1000009_1000010_1__27,0,0.77,1.0,0,0,-1
1000009_23_1__25,0,1.15,1.0,0,0,-1
1000009_19_1__0,0,0.87,1.0,0,0,-1
50_1000009_1__74,0,0.79,1.0,0,0,-1
50_1000009_1__88,0,0.56,1.0,0,0,-1
105_1000009_1__32,0,2.57,1.0,0,0,-1
20_1000008_1__4,0,1.71,1.0,0,0,-1
20_1000008_1__33,0,1.65,1.0,0,0,-1
20_1000000_1__92,0,0.97,1.0,0,0,-1
20_1000008_1__43,0,0.52,1.0,0,0,-1
50_1000000_1__36,0,1.38,1.0,0,0,-1
20_1000000_1__8,0,0.63,1.0,0,0,-1
20_1000000_1__63,0,2.68,1.0,0,0,-1
20_1000000_1__84,0,1.74,1.0,0,0,-1
20_1000000_1__52,0,2.42,1.0,0,0,-1
1000019_22_2__32,0,1.28,1.0,0,0,-1
1000019_1000009_1__47,0,1.79,1.0,0,0,-1
1000019_16_1__19,0,1.48,1.0,0,0,-1
1000019_107_1__63,0,2.68,1.0,0,0,-1
1000019_15_1__124,0,1.07,1.0,0,0,-1
1000019_1000009_1__10,0,1.52,1.0,0,0,-1
1000019_1000000_1__2,0,2.68,1.0,0,0,-1
1000019_1000009_1__5,0,1.74,1.0,0,0,-1
1000019_15_1__83,0,2.93,1.0,0,0,-1
1000019_1000002_2__3,0,2.58,1.0,0,0,-1
1000019_107_1__31,0,1.44,1.0,0,0,-1
70_1000000_1__19,0,0.53,1.0,0,0,-1
1000014_1000000_1__0,0,1.21,1.0,0,0,-1
50_1000013_1__17,0,1.98,1.0,0,0,-1
18_1000003_1__0,0,1.96,1.0,0,0,-1
1000021_70_1__7,0,1.71,1.0,0,0,-1
18_1000008_2__2,0,1.67,1.0,0,0,-1
82_1000013_1__50,0,1.96,1.0,0,0,-1
50_1000003_1__2,0,0.52,1.0,0,0,-1
1000021_1000013_1__75,0,2.92,1.0,0,0,-1
1000021_70_1__25,0,1.7,1.0,0,0,-1
1000021_1000003_1__7,0,2.27,1.0,0,0,-1
82_1000000_1__31,0,1.52,1.0,0,0,-1
1000021_17_1__23,0,1.1,1.0,0,0,-1
1000002_1000000_1__36,0,2.44,1.0,0,0,-1
1000021_17_1__2,0,1.36,1.0,0,0,-1
50_1000004_1__4,0,2.08,1.0,0,0,-1
105_1000004_1__5,0,0.77,1.0,0,0,-1
1000002_1000010_1__14,0,2.27,1.0,0,0,-1
1000000_120_1__5,0,1.16,1.0,0,0,-1
1000000_81_1__3,0,2.95,1.0,0,0,-1
1000000_14_1__58,0,2.81,1.0,0,0,-1
1000000_22_1__17,0,2.91,1.0,0,0,-1
1000000_82_1__18,0,2.19,1.0,0,0,-1
1000000_21_1__1,0,2.17,1.0,0,0,-1
1000000_15_1__10,0,2.93,1.0,0,0,-1
1000000_1000005_1__26,0,2.23,1.0,0,0,-1
1000000_1000005_1__15,0,1.26,1.0,0,0,-1
1000000_16_1__15,0,1.19,1.0,0,0,-1
1000000_23_1__16,0,2.55,1.0,0,0,-1
1000000_23_1__65,0,1.06,1.0,0,0,-1
1000000_129_1__34,0,2.2,1.0,0,0,-1
1000000_20_1__16,0,1.95,1.0,0,0,-1
1000000_1000004_1__31,0,1.34,1.0,0,0,-1
1000000_77_1__12,0,1.23,1.0,0,0,-1
1000000_129_1__21,0,0.54,1.0,0,0,-1
105_22_1__0,0,2.96,1.0,0,0,-1
50_91_1__1,0,2.88,1.0,0,0,-1
105_1000000_1__7,0,1.83,1.0,0,0,-1
1000014_1000007_1__20,0,2.73,1.0,0,0,-1
106_1000008_1__10,0,1.08,1.0,0,0,-1
15_1000008_1__34,0,2.31,1.0,0,0,-1
15_1000008_1__29,0,2.35,1.0,0,0,-1
20_1000008_1__64,0,1.82,1.0,0,0,-1
20_1000000_1__94,0,0.94,1.0,0,0,-1
15_1000000_2__11,0,1.19,1.0,0,0,-1
20_1000008_1__68,0,2.39,1.0,0,0,-1
20_1000008_1__111,0,1.43,1.0,0,0,-1
20_1000000_1__29,0,0.68,1.0,0,0,-1
20_1000000_1__15,0,2.91,1.0,0,0,-1
20_1000000_1__50,0,2.62,1.0,0,0,-1
1000019_19_1__48,0,1.19,1.0,0,0,-1
1000019_22_1__71,0,0.53,1.0,0,0,-1
1000019_23_2__8,0,0.74,1.0,0,0,-1
1000019_23_1__27,0,2.64,1.0,0,0,-1
1000019_19_1__55,0,2.6,1.0,0,0,-1
1000019_19_1__142,0,2.79,1.0,0,0,-1
1000019_23_3__42,0,2.33,1.0,0,0,-1
1000019_23_1__26,0,0.77,1.0,0,0,-1
1000019_23_3__10,0,1.96,1.0,0,0,-1
1000019_15_1__32,0,1.78,1.0,0,0,-1
1000019_21_2__5,0,2.83,1.0,0,0,-1
1000019_106_1__37,0,1.63,1.0,0,0,-1
1000019_77_1__2,0,1.42,1.0,0,0,-1
1000019_106_1__7,0,1.62,1.0,0,0,-1
1000019_107_1__45,0,1.09,1.0,0,0,-1
1000019_15_1__56,0,1.43,1.0,0,0,-1
1000019_1000007_1__90,0,2.34,1.0,0,0,-1
1000019_15_1__5,0,1.4,1.0,0,0,-1
1000019_129_1__12,0,3.0,1.0,0,0,-1
1000019_107_1__36,0,1.44,1.0,0,0,-1
1000002_1000000_1__56,0,1.1,1.0,0,0,-1
77_1000014_1__25,0,1.45,1.0,0,0,-1
1000021_1000003_1__14,0,2.81,1.0,0,0,-1
1000021_1000014_1__55,0,1.0,1.0,0,0,-1
1000021_17_2__0,0,0.79,1.0,0,0,-1
50_17_1__0,0,2.35,1.0,0,0,-1
77_1000008_1__23,0,1.07,1.0,0,0,-1
77_17_1__2,0,1.25,1.0,0,0,-1
81_1000014_1__17,0,1.41,1.0,0,0,-1
105_17_1__0,0,0.89,1.0,0,0,-1
1000002_1000008_1__5,0,1.53,1.0,0,0,-1
81_1000000_1__0,0,1.32,1.0,0,0,-1
82_17_1__0,0,2.87,1.0,0,0,-1
105_1000004_1__0,0,0.76,1.0,0,0,-1
1000021_1000004_1__40,0,0.72,1.0,0,0,-1
1000021_1000014_2__6,0,2.0,1.0,0,0,-1
22_1000012_1__23,0,0.52,1.0,0,0,-1
1000000_18_1__37,0,2.52,1.0,0,0,-1
1000000_1000016_1__3,0,2.56,1.0,0,0,-1
1000000_22_2__18,0,2.79,1.0,0,0,-1
1000000_23_3__18,0,1.24,1.0,0,0,-1
1000000_23_1__18,0,1.69,1.0,0,0,-1
1000000_1000004_1__12,0,1.08,1.0,0,0,-1
1000000_17_1__36,0,2.41,1.0,0,0,-1
1000000_1000004_1__14,0,2.3,1.0,0,0,-1
20_1000008_1__108,0,0.6,1.0,0,0,-1
20_1000008_1__32,0,1.55,1.0,0,0,-1
20_1000008_1__58,0,2.3,1.0,0,0,-1
20_1000000_1__13,0,2.73,1.0,0,0,-1
20_50_1__1,0,2.04,1.0,0,0,-1
20_1000000_1__53,0,0.64,1.0,0,0,-1
20_1000000_1__1,0,2.65,1.0,0,0,-1
1000019_107_1__0,0,2.6,1.0,0,0,-1
1000019_15_1__15,0,0.68,1.0,0,0,-1
1000019_15_1__42,0,0.78,1.0,0,0,-1
1000019_16_1__7,0,1.89,1.0,0,0,-1
1000019_15_1__53,0,2.93,1.0,0,0,-1
1000019_1000007_1__49,0,2.74,1.0,0,0,-1
1000019_16_1__25,0,1.16,1.0,0,0,-1
1000019_1000007_1__10,0,1.55,1.0,0,0,-1
1000019_1000002_2__9,0,0.51,1.0,0,0,-1
1000019_1000005_1__2,0,2.97,1.0,0,0,-1
1000019_1000002_2__2,0,2.46,1.0,0,0,-1
81_1000014_1__15,0,1.08,1.0,0,0,-1
1000005_1000013_1__15,0,1.13,1.0,0,0,-1
1000021_70_1__10,0,1.21,1.0,0,0,-1
1000000_19_1__36,0,0.75,1.0,0,0,-1
1000000_23_1__73,0,1.33,1.0,0,0,-1
1000000_17_1__97,0,2.06,1.0,0,0,-1
1000000_120_1__46,0,2.31,1.0,0,0,-1
